date,1. open,2. high,3. low,4. close,5. volume
2024-01-22,1.79,2.04,1.78,1.96,26323114.0
2024-01-19,1.64,1.76,1.56,1.74,25110298.0
2024-01-18,1.74,1.78,1.575,1.65,20120949.0
2024-01-17,1.76,1.77,1.65,1.72,18985913.0
2024-01-16,1.9,1.9,1.78,1.8,17064941.0
2024-01-12,2.01,2.07,1.89,1.9,13220752.0
2024-01-11,1.98,2.04,1.86,2.01,25859292.0
2024-01-10,2.14,2.14,1.94,1.94,23301828.0
2024-01-09,2.22,2.27,2.11,2.13,11673102.0
2024-01-08,2.24,2.27,2.14,2.23,13573717.0
2024-01-05,2.1,2.29,2.06,2.23,12729466.0
2024-01-04,2.07,2.18,2.03,2.11,12667542.0
2024-01-03,2.16,2.16,2.03,2.06,15023336.0
2024-01-02,2.3,2.35,2.17,2.17,13233912.0
2023-12-29,2.4,2.41,2.32,2.34,13324873.0
2023-12-28,2.46,2.52,2.36,2.42,20889099.0
2023-12-27,2.52,2.53,2.445,2.48,14453857.0
2023-12-26,2.5,2.68,2.4742,2.49,17804480.0
2023-12-22,2.42,2.54,2.37,2.47,13453392.0
2023-12-21,2.58,2.63,2.34,2.44,18679069.0
2023-12-20,2.61,2.74,2.48,2.48,15143723.0
2023-12-19,2.71,2.78,2.6,2.63,15848568.0
2023-12-18,2.73,2.79,2.63,2.68,13468252.0
2023-12-15,3.02,3.13,2.6,2.72,38339688.0
2023-12-14,2.51,2.92,2.51,2.9,36942024.0
2023-12-13,2.21,2.42,2.145,2.4,16476882.0
2023-12-12,2.31,2.32,2.12,2.22,17364627.0
2023-12-11,2.31,2.37,2.23,2.33,14609844.0
2023-12-08,2.23,2.49,2.16,2.35,25658528.0
2023-12-07,2.04,2.29,1.93,2.25,31344579.0
2023-12-06,2.03,2.18,1.99,2.05,19367230.0
2023-12-05,2.07,2.125,1.98,1.99,16716107.0
2023-12-04,2.02,2.22,2.01,2.09,24634939.0
2023-12-01,1.84,2.04,1.8,2.02,23045673.0
2023-11-30,2.0,2.0092,1.85,1.86,18935417.0
2023-11-29,1.95,2.065,1.94,1.96,16048603.0
2023-11-28,1.95,1.97,1.79,1.93,30206641.0
2023-11-27,2.02,2.02,1.95,1.99,15768049.0
2023-11-24,1.98,2.12,1.94,2.04,14139172.0
2023-11-22,2.01,2.04,1.93,1.97,21417349.0
2023-11-21,2.09,2.115,1.95,1.97,28412994.0
2023-11-20,2.02,2.19,1.97,2.12,50336941.0
2023-11-17,2.03,2.12,1.95,2.02,91422236.0
2023-11-16,3.25,3.31,3.03,3.13,19969713.0
2023-11-15,3.27,3.54,3.23,3.32,20053462.0
2023-11-14,2.9101,3.25,2.905,3.23,20728662.0
2023-11-13,2.69,2.8,2.61,2.75,8751156.0
2023-11-10,2.7,2.73,2.58,2.71,12128763.0
2023-11-09,2.78,2.83,2.63,2.69,13303265.0
2023-11-08,2.85,2.86,2.71,2.74,8693055.0
2023-11-07,2.8,2.86,2.72,2.83,7279465.0
2023-11-06,3.16,3.16,2.78,2.82,15042787.0
2023-11-03,3.03,3.3,3.01,3.08,20710909.0
2023-11-02,2.59,2.9,2.59,2.89,18553300.0
2023-11-01,2.53,2.58,2.44,2.51,13084824.0
2023-10-31,2.47,2.56,2.41,2.54,10334534.0
2023-10-30,2.55,2.57,2.385,2.46,10920172.0
2023-10-27,2.52,2.58,2.395,2.49,23675457.0
2023-10-26,2.57,2.7,2.45,2.49,18272737.0
2023-10-25,2.76,2.76,2.59,2.61,14636354.0
2023-10-24,2.84,3.05,2.76,2.77,17304102.0
2023-10-23,2.92,2.98,2.775,2.8,17970580.0
2023-10-20,3.01,3.17,2.94,2.97,18672275.0
2023-10-19,3.28,3.29,3.08,3.11,16960667.0
2023-10-18,3.56,3.61,3.23,3.24,19892200.0
2023-10-17,3.34,3.65,3.3,3.64,18119964.0
2023-10-16,3.45,3.52,3.36,3.38,12399729.0
2023-10-13,3.59,3.6298,3.39,3.44,17443052.0
2023-10-12,3.76,3.76,3.5,3.58,26033497.0
2023-10-11,4.58,4.619,3.75,3.78,102265660.0
2023-10-10,4.1,4.51,4.09,4.49,11981634.0
2023-10-09,4.23,4.42,4.05,4.09,12284670.0
2023-10-06,4.08,4.34,4.05,4.31,11602357.0
2023-10-05,4.32,4.35,4.12,4.16,11575494.0
2023-10-04,4.39,4.45,4.2,4.4,11638388.0
2023-10-03,4.69,4.7,4.26,4.38,20849938.0
2023-10-02,4.98,5.0,4.71,4.75,10065062.0
2023-09-29,5.07,5.18,4.88,4.97,10870559.0
2023-09-28,5.05,5.1,4.765,4.98,12078874.0
2023-09-27,5.08,5.23,4.982,5.02,15714615.0
2023-09-26,4.84,4.97,4.7305,4.85,9592092.0
2023-09-25,5.02,5.195,4.91,4.92,17801226.0
2023-09-22,5.15,5.24,4.92,5.02,15632088.0
2023-09-21,5.02,5.16,4.94,5.09,17519782.0
2023-09-20,5.44,5.49,5.17,5.18,10975073.0
2023-09-19,5.34,5.42,5.21,5.37,10731649.0
2023-09-18,5.62,5.65,5.34,5.37,11988746.0
2023-09-15,5.96,6.03,5.57,5.62,17868614.0
2023-09-14,5.81,6.11,5.81,6.05,11008406.0
2023-09-13,5.67,5.85,5.54,5.8,12221535.0
2023-09-12,5.69,5.89,5.59,5.67,15842139.0
2023-09-11,5.77,5.84,5.46,5.75,14033231.0
2023-09-08,6.33,6.33,5.67,5.72,21523831.0
2023-09-07,5.925,6.29,4.96,6.29,44927959.0
2023-09-06,7.24,7.405,7.04,7.06,11371736.0
2023-09-05,7.4,7.57,7.21,7.26,8501945.0
2023-09-01,7.23,7.54,7.23,7.44,6224552.0
2023-08-31,7.36,7.46,7.125,7.16,6175518.0
2023-08-30,7.28,7.44,7.19,7.32,5910439.0
2023-08-29,6.87,7.3,6.83,7.24,7235944.0
2023-08-28,6.9,7.01,6.83,6.93,4261461.0
2023-08-25,6.8,6.89,6.65,6.83,5447513.0
2023-08-24,7.1,7.13,6.79,6.79,6945061.0
2023-08-23,6.97,7.15,6.9,7.07,4662869.0
2023-08-22,7.06,7.23,6.91,7.02,6317078.0
2023-08-21,7.06,7.185,6.92,6.97,7087640.0
2023-08-18,7.03,7.31,6.94,7.06,6582061.0
2023-08-17,7.37,7.42,7.18,7.2,5290073.0
2023-08-16,7.52,7.54,7.21,7.29,9681561.0
2023-08-15,7.69,7.77,7.54,7.59,5270629.0
2023-08-14,7.71,7.89,7.55,7.81,5534894.0
2023-08-11,7.74,7.85,7.64,7.81,6073329.0
2023-08-10,7.98,8.1,7.74,7.81,7806522.0
2023-08-09,8.02,8.13,7.8403,7.97,5904674.0
2023-08-08,7.87,8.03,7.73,7.99,7931646.0
2023-08-07,8.01,8.05,7.72,8.01,6554218.0
2023-08-04,8.2,8.235,7.99,8.05,6072728.0
2023-08-03,8.07,8.26,8.06,8.11,5805864.0
2023-08-02,8.2,8.22,7.85,8.12,11689708.0
2023-08-01,8.54,8.579,8.32,8.4,5154194.0
2023-07-31,8.3,8.68,8.27,8.66,9489677.0
2023-07-28,8.08,8.28,8.0,8.23,11060676.0
2023-07-27,8.37,8.4499,7.9,7.93,11697215.0
2023-07-26,8.13,8.55,8.1,8.22,10605047.0
2023-07-25,8.36,8.43,8.11,8.12,7110920.0
2023-07-24,8.34,8.44,8.2,8.34,6019229.0
2023-07-21,8.34,8.4,8.065,8.33,10822763.0
2023-07-20,8.64,8.64,8.23,8.26,12373375.0
2023-07-19,8.67,9.04,8.6,8.69,13248842.0
2023-07-18,8.53,8.85,8.5225,8.55,8227332.0
2023-07-17,8.26,8.789,8.13,8.66,10358304.0
2023-07-14,8.86,9.02,8.25,8.26,11894809.0
2023-07-13,9.05,9.2,8.79,8.85,12892307.0
2023-07-12,9.12,9.23,8.88,8.99,11535844.0
2023-07-11,9.13,9.13,8.78,8.93,9494470.0
2023-07-10,8.63,9.08,8.51,9.02,8802916.0
2023-07-07,8.7,8.9201,8.61,8.67,10940175.0
2023-07-06,8.64,8.7199,8.09,8.66,13087467.0
2023-07-05,8.59,9.07,8.4804,8.85,9051840.0
2023-07-03,8.94,9.2,8.67,8.7,7910367.0
2023-06-30,8.8,8.84,8.625,8.79,9056986.0
2023-06-29,8.4,8.85,8.3001,8.69,14422827.0
2023-06-28,7.83,8.37,7.76,8.36,14331804.0
2023-06-27,7.63,7.88,7.39,7.87,10948354.0
2023-06-26,7.35,7.61,7.33,7.42,6046731.0
2023-06-23,7.49,7.54,7.22,7.36,15680546.0
2023-06-22,7.89,7.94,7.58,7.6,14701057.0
2023-06-21,8.11,8.17,7.84,7.99,19122176.0
2023-06-20,8.69,8.8,8.13,8.2,17452228.0
2023-06-16,9.15,9.16,8.65,8.88,13321514.0
2023-06-15,8.91,9.26,8.77,9.05,10051786.0
2023-06-14,9.71,9.78,8.92,9.05,13312825.0
2023-06-13,8.96,9.81,8.93,9.62,19590366.0
2023-06-12,8.39,8.98,7.9,8.9,26200414.0
2023-06-09,8.87,9.06,8.3,8.34,33877228.0
2023-06-08,9.83,10.1,9.51,9.61,8624490.0
2023-06-07,9.69,10.05,9.56,9.78,13496190.0
2023-06-06,8.72,9.59,8.66,9.47,12748807.0
2023-06-05,9.08,9.08,8.66,8.75,9980100.0
2023-06-02,9.67,9.99,9.07,9.07,18959127.0
2023-06-01,9.81,9.97,9.34,9.75,14613376.0
2023-05-31,9.52,9.88,9.305,9.67,13116624.0
2023-05-30,9.25,9.86,8.94,9.69,23615623.0
2023-05-26,8.35,8.52,8.05,8.49,7828386.0
2023-05-25,8.45,8.51,8.14,8.32,4962358.0
2023-05-24,8.4,8.4,8.12,8.36,4566820.0
2023-05-23,8.29,8.77,8.2,8.49,7843413.0
2023-05-22,7.96,8.415,7.84,8.31,8518639.0
2023-05-19,8.19,8.26,7.82,7.93,9598812.0
2023-05-18,8.31,8.33,8.01,8.18,7383514.0
2023-05-17,8.06,8.34,7.9,8.33,8946441.0
2023-05-16,8.5,8.56,8.0,8.01,10138307.0
2023-05-15,8.21,8.74,8.19,8.63,6495588.0
2023-05-12,8.63,8.875,8.16,8.23,8065796.0
2023-05-11,8.78,8.815,8.58,8.58,4053487.0
2023-05-10,9.19,9.205,8.725,8.77,5413357.0
2023-05-09,8.85,9.035,8.665,9.01,5843441.0
2023-05-08,8.83,9.17,8.62,9.06,7267307.0
2023-05-05,8.84,9.0,8.76,8.77,5046001.0
2023-05-04,8.56,8.73,8.48,8.71,5660943.0
2023-05-03,8.2,8.77,8.12,8.56,8632105.0
2023-05-02,8.38,8.4599,8.1,8.24,8513546.0
2023-05-01,8.7,8.7,8.21,8.46,8383413.0
2023-04-28,8.82,9.0,8.61,8.67,9426588.0
2023-04-27,8.66,9.02,8.59,8.91,6106206.0
2023-04-26,8.65,8.71,8.43,8.54,6181714.0
2023-04-25,8.72,8.75,8.47,8.6,8743028.0
2023-04-24,8.83,8.965,8.66,8.84,4476829.0
2023-04-21,8.82,9.035,8.72,8.84,8825095.0
2023-04-20,8.82,9.0479,8.78,8.86,5284425.0
2023-04-19,8.96,9.12,8.69,9.05,8525037.0
2023-04-18,9.17,9.22,8.93,9.05,7805457.0
2023-04-17,8.75,9.21,8.65,9.18,9919796.0
2023-04-14,8.51,8.88,8.4101,8.72,13403919.0
2023-04-13,8.88,8.9809,8.51,8.55,14623925.0
2023-04-12,9.51,9.62,8.75,8.78,14824180.0
2023-04-11,9.4,9.57,9.23,9.26,7940072.0
2023-04-10,9.1,9.37,9.01,9.35,8562565.0
2023-04-06,9.25,9.36,9.065,9.19,8592595.0
2023-04-05,9.91,10.005,9.2,9.34,11505903.0
2023-04-04,10.405,10.51,9.9,10.02,5873165.0
2023-04-03,10.36,10.6,10.075,10.31,4271481.0
2023-03-31,10.32,10.71,10.2,10.47,9130782.0
2023-03-30,10.31,10.53,10.07,10.15,7960686.0
2023-03-29,9.66,10.09,9.46,10.03,6647148.0
2023-03-28,9.64,9.76,9.4,9.46,4297277.0
2023-03-27,10.0,10.03,9.44,9.72,5039778.0
2023-03-24,9.95,10.0861,9.68,9.83,5189509.0
2023-03-23,10.0,10.65,9.89,10.06,7642277.0
2023-03-22,9.8,10.2,9.67,9.84,8570982.0
2023-03-21,9.33,9.96,9.33,9.86,8890248.0
2023-03-20,9.27,9.5,9.11,9.26,5540610.0
2023-03-17,9.22,9.42,8.96,9.34,7932908.0
2023-03-16,9.26,9.51,9.09,9.34,6153227.0
2023-03-15,9.24,9.49,8.97,9.26,7236408.0
2023-03-14,10.05,10.195,9.305,9.44,11189664.0
2023-03-13,9.5,10.175,9.1701,9.79,9153406.0
2023-03-10,10.16,10.175,9.44,9.67,14041858.0
2023-03-09,10.45,10.7199,10.04,10.19,6240556.0
2023-03-08,10.24,10.54,9.94,10.46,7229518.0
2023-03-07,10.69,10.75,10.2631,10.27,7533393.0
2023-03-06,11.31,11.375,10.585,10.74,10060608.0
2023-03-03,9.96,11.44,9.9,11.08,23094477.0
2023-03-02,10.8,11.365,10.55,11.26,11876028.0
2023-03-01,11.42,11.5819,10.96,11.08,7788274.0
2023-02-28,10.8,11.62,10.67,11.36,8769570.0
2023-02-27,10.68,11.02,10.47,10.84,7549863.0
2023-02-24,11.1,11.18,10.32,10.45,12511326.0
2023-02-23,11.61,11.7847,10.975,11.42,7332032.0
2023-02-22,11.41,11.7312,11.14,11.33,5510911.0
2023-02-21,11.96,12.15,11.35,11.38,6947657.0
2023-02-17,12.47,12.48,12.04,12.22,8574561.0
2023-02-16,12.99,13.48,12.62,12.63,9136005.0
2023-02-15,12.19,13.48,12.145,13.38,11904510.0
2023-02-14,11.35,12.17,11.105,12.16,8209050.0
2023-02-13,11.3,11.64,10.98,11.46,4889020.0
2023-02-10,11.65,11.79,11.035,11.26,11331999.0
2023-02-09,12.4,12.8463,11.75,11.86,9437496.0
2023-02-08,12.39,13.065,12.16,12.18,8045922.0
2023-02-07,12.36,12.555,11.755,12.44,8309131.0
2023-02-06,12.24,12.6799,12.12,12.37,6055749.0
2023-02-03,12.47,13.5,12.32,12.49,10230184.0
2023-02-02,12.85,13.65,12.7,12.97,13745314.0
2023-02-01,12.25,12.76,11.675,12.46,9940997.0
2023-01-31,11.76,12.17,11.575,12.14,7279208.0
2023-01-30,11.95,12.3099,11.625,11.7,9837686.0
2023-01-27,11.22,12.48,11.11,12.16,16063067.0
2023-01-26,11.86,11.99,10.9,11.3,9069054.0
2023-01-25,11.01,11.5586,10.55,11.41,7740198.0
2023-01-24,11.8,11.98,11.34,11.42,5232800.0
2023-01-23,11.16,11.9099,10.95,11.87,10054581.0
2023-01-20,10.75,11.1,10.61,11.09,6573897.0
2023-01-19,11.58,11.6821,10.53,10.66,14102000.0
2023-01-18,12.25,12.78,11.85,11.93,13199888.0
2023-01-17,11.89,12.22,11.67,12.06,9801816.0
2023-01-13,11.12,11.9,11.05,11.88,9189946.0
2023-01-12,11.04,11.41,10.475,11.37,12937193.0
2023-01-11,10.11,11.0282,9.99,10.89,14849565.0
2023-01-10,9.81,10.12,9.535,10.08,12687513.0
2023-01-09,9.18,10.3699,9.18,9.91,14987164.0
2023-01-06,8.95,9.105,8.71,9.01,8693051.0
2023-01-05,8.96,9.17,8.72,8.92,9364658.0
2023-01-04,9.15,9.26,8.81,9.1,8827356.0
2023-01-03,9.66,9.87,9.0,9.09,9629560.0
2022-12-30,8.98,9.64,8.91,9.53,9590428.0
2022-12-29,8.44,9.095,8.37,9.04,9144006.0
2022-12-28,8.3,8.5,8.2,8.31,9336218.0
2022-12-27,8.56,8.56,8.07,8.25,11940341.0
2022-12-23,8.82,8.94,8.46,8.55,9163414.0
2022-12-22,9.36,9.41,8.52,8.9,12587744.0
2022-12-21,9.55,9.82,9.38,9.57,7317264.0
2022-12-20,9.64,9.98,9.46,9.52,7256412.0
2022-12-19,10.45,10.49,9.41,9.66,16040439.0
2022-12-16,10.6,10.83,10.26,10.45,12182641.0
2022-12-15,10.88,11.055,10.55,10.65,10743509.0
2022-12-14,11.32,11.7,11.1699,11.26,9180504.0
2022-12-13,11.67,12.0473,11.05,11.38,11588384.0
2022-12-12,10.66,11.4,10.51,10.99,9426249.0
2022-12-09,11.0,11.1782,10.6,10.65,6073745.0
2022-12-08,10.92,11.31,10.59,11.0,7260922.0
2022-12-07,10.82,11.2699,10.63,10.76,8340691.0
2022-12-06,11.56,11.5882,10.75,10.89,11300878.0
2022-12-05,11.59,12.15,11.39,11.47,13690812.0
2022-12-02,11.74,12.03,11.32,11.64,19613658.0
2022-12-01,12.4,12.59,11.78,12.19,19031865.0
2022-11-30,11.71,12.44,11.56,12.42,9270139.0
2022-11-29,11.57,11.86,11.43,11.53,7422559.0
2022-11-28,11.79,11.98,11.33,11.44,6938521.0
2022-11-25,11.98,12.07,11.745,11.99,3362248.0
2022-11-23,11.61,12.07,11.54,11.97,5334794.0
2022-11-22,11.74,11.945,11.2799,11.49,11963799.0
2022-11-21,12.3,12.32,11.53,11.71,7666997.0
2022-11-18,12.85,12.93,12.18,12.45,5607029.0
2022-11-17,12.6,12.69,12.22,12.59,6061498.0
2022-11-16,13.39,13.41,12.575,12.88,7818822.0
2022-11-15,13.95,14.15,13.5,13.68,8176447.0
2022-11-14,13.31,13.45,12.42,13.3,8161123.0
2022-11-11,12.59,13.615,12.35,13.38,9656750.0
2022-11-10,12.03,12.84,11.98,12.5,10533930.0
2022-11-09,12.03,12.1999,11.155,11.23,8605103.0
2022-11-08,12.1,12.4229,11.58,12.19,7041326.0
2022-11-07,12.765,12.8601,11.36,11.93,12173328.0
2022-11-04,13.3,13.49,12.2,12.56,7748228.0
2022-11-03,12.91,13.4727,12.625,13.04,5228967.0
2022-11-02,14.1,14.1899,12.965,13.05,6989049.0
2022-11-01,14.43,14.62,13.9,14.1,5396006.0
2022-10-31,13.56,14.085,13.39,13.98,5470564.0
2022-10-28,13.61,13.82,13.061,13.52,4855415.0
2022-10-27,13.86,13.99,13.4227,13.66,5658786.0
2022-10-26,13.35,14.23,13.225,13.71,8178103.0
2022-10-25,12.5,13.54,12.46,13.34,8307225.0
2022-10-24,12.68,12.72,11.78,12.42,7451170.0
2022-10-21,12.3,12.7,11.96,12.65,7209293.0
2022-10-20,12.85,13.245,12.265,12.36,8317822.0
2022-10-19,13.38,13.4005,12.75,12.99,7928482.0
2022-10-18,13.53,13.795,13.31,13.68,7312309.0
2022-10-17,13.13,13.4377,12.92,13.07,6754921.0
2022-10-14,13.61,13.95,12.545,12.59,8306044.0
2022-10-13,12.86,13.655,12.45,13.5,7989940.0
2022-10-12,13.79,13.87,13.08,13.39,6036596.0
2022-10-11,13.54,13.9185,12.95,13.71,7567046.0
2022-10-10,14.44,14.45,13.5,13.76,8701613.0
2022-10-07,15.16,15.24,14.13,14.43,8941062.0
2022-10-06,15.57,16.31,15.3359,15.61,7074695.0
2022-10-05,15.91,16.12,15.07,15.64,7777870.0
2022-10-04,15.75,16.6,15.6305,16.31,9529770.0
2022-10-03,14.96,15.27,14.37,15.05,7126117.0
2022-09-30,14.79,15.4595,14.5445,14.76,6522362.0
2022-09-29,15.51,15.86,14.38,14.93,8266619.0
2022-09-28,15.16,15.93,15.02,15.83,8567199.0
2022-09-27,14.87,15.7361,14.87,15.22,10120456.0
2022-09-26,14.69,15.34,14.44,14.51,6564666.0
2022-09-23,14.97,15.25,14.35,14.75,9342301.0
2022-09-22,16.13,16.3,15.02,15.34,9647368.0
2022-09-21,16.07,17.09,15.7,16.21,9359498.0
2022-09-20,17.56,17.67,16.39,16.44,8800607.0
2022-09-19,17.59,18.25,17.47,17.75,7786889.0
2022-09-16,18.48,18.8179,17.9509,17.97,19202511.0
2022-09-15,18.34,19.92,18.02,19.25,25022016.0
2022-09-14,17.71,18.19,17.15,18.18,10303433.0
2022-09-13,16.88,18.11,16.63,17.54,10091540.0
2022-09-12,17.82,18.3,17.31,18.28,8842024.0
2022-09-09,17.37,17.78,17.165,17.68,10516387.0
2022-09-08,15.73,17.26,15.67,17.25,12599668.0
2022-09-07,14.91,16.29,14.76,16.08,14298059.0
2022-09-06,14.55,15.25,14.22,14.75,11966859.0
2022-09-02,15.61,15.655,14.325,14.5,12540765.0
2022-09-01,15.95,16.5,14.5201,15.31,16446578.0
2022-08-31,15.02,16.94,15.02,16.27,28151218.0
2022-08-30,15.39,15.68,14.31,14.49,13051951.0
2022-08-29,14.93,15.52,14.839,15.04,5194498.0
2022-08-26,15.84,16.018,14.97,15.28,7045058.0
2022-08-25,15.59,15.74,15.01,15.69,7040986.0
2022-08-24,14.37,15.765,14.3,15.19,10943558.0
2022-08-23,14.31,14.635,14.04,14.2,6933537.0
2022-08-22,14.54,14.65,14.055,14.12,6321573.0
2022-08-19,16.05,16.0672,14.87,15.03,9605224.0
2022-08-18,17.03,17.21,16.48,16.54,6206726.0
2022-08-17,17.69,17.94,16.86,16.88,7834916.0
2022-08-16,18.56,18.79,17.8307,18.1,8143724.0
2022-08-15,18.71,19.2677,18.02,18.63,9718951.0
2022-08-12,16.97,19.11,16.63,18.87,21314691.0
2022-08-11,16.67,17.12,16.02,16.69,14909033.0
2022-08-10,16.47,16.64,15.87,16.44,7543864.0
2022-08-09,15.65,15.925,15.32,15.73,5890360.0
2022-08-08,16.85,17.2592,15.97,16.0,12495122.0
2022-08-05,15.7,16.19,15.42,16.06,6885509.0
2022-08-04,16.0,16.1879,15.555,15.88,5662497.0
2022-08-03,15.56,15.99,15.26,15.96,6944136.0
2022-08-02,14.28,15.44,14.16,15.41,7547887.0
2022-08-01,15.1,15.1,14.4715,14.74,7011933.0
2022-07-29,14.98,15.5383,14.81,15.11,11657168.0
2022-07-28,14.53,15.74,14.39,15.3,19060662.0
2022-07-27,13.2,13.25,12.69,13.14,5693193.0
2022-07-26,13.17,13.2,12.66,12.75,4588724.0
2022-07-25,13.82,13.82,13.2205,13.32,4376655.0
2022-07-22,14.7,14.84,13.74,13.85,7587017.0
2022-07-21,14.2,14.945,14.13,14.74,9469581.0
2022-07-20,12.74,14.35,12.66,14.33,13347843.0
2022-07-19,12.51,12.84,12.33,12.64,5912563.0
2022-07-18,12.0,12.875,11.89,12.43,10581123.0
2022-07-15,11.5,11.59,10.9704,11.57,8427910.0
2022-07-14,11.52,11.69,11.12,11.34,8838354.0
2022-07-13,11.53,12.0899,11.29,11.93,9897262.0
2022-07-12,12.09,12.2,11.63,11.97,7584969.0
2022-07-11,13.25,13.275,11.93,11.94,11552742.0
2022-07-08,13.38,14.21,13.26,13.38,13049796.0
2022-07-07,12.54,14.085,12.51,13.75,11617200.0
2022-07-06,12.74,13.23,12.2701,12.45,8406759.0
2022-07-05,12.44,12.76,11.68,12.7,10575450.0
2022-07-01,13.8,14.02,12.69,12.69,11446486.0
2022-06-30,13.72,14.14,13.26,13.69,6548600.0
2022-06-29,14.2,14.23,13.52,13.86,7142473.0
2022-06-28,15.35,15.97,14.36,14.4,8078833.0
2022-06-27,15.74,15.895,15.15,15.39,8273598.0
2022-06-24,15.75,15.83,15.025,15.46,13597427.0
2022-06-23,14.4,15.56,14.08,15.55,11665974.0
2022-06-22,13.615,14.778,13.27,14.25,7661132.0
2022-06-21,14.32,15.07,14.235,14.43,8910162.0
2022-06-17,12.92,14.25,12.83,14.03,13392279.0
2022-06-16,12.73,13.18,12.32,12.55,9432654.0
2022-06-15,12.43,13.605,12.1999,13.36,11169625.0
2022-06-14,12.3,12.78,11.85,12.51,8150493.0
2022-06-13,13.62,13.85,12.02,12.08,16375878.0
2022-06-10,14.98,15.41,14.31,14.39,10480141.0
2022-06-09,15.41,16.15,15.04,15.41,11424424.0
2022-06-08,15.5,16.16,15.31,15.49,11540240.0
2022-06-07,14.69,15.73,14.53,15.55,9144798.0
2022-06-06,14.92,15.37,14.56,14.97,12838288.0
2022-06-03,13.45,14.965,13.3401,14.57,19494279.0
2022-06-02,12.4,14.14,12.3107,13.9,19556420.0
2022-06-01,12.66,13.06,12.16,12.45,11754365.0
2022-05-31,13.74,13.87,12.75,12.79,16859526.0
2022-05-27,11.86,13.49,11.85,13.45,16455197.0
2022-05-26,10.65,11.9,10.58,11.81,7700402.0
2022-05-25,10.33,10.83,10.21,10.79,7222059.0
2022-05-24,11.01,11.18,10.29,10.41,7882920.0
2022-05-23,10.92,11.31,10.54,11.3,8047438.0
2022-05-20,11.15,11.29,10.3,11.02,10775922.0
2022-05-19,10.22,11.28,10.14,10.99,7806007.0
2022-05-18,10.68,11.08,10.22,10.38,7970106.0
2022-05-17,10.24,10.75,9.95,10.73,9583587.0
2022-05-16,10.32,10.64,9.875,9.94,9716735.0
2022-05-13,10.0,10.65,9.88,10.39,11586857.0
2022-05-12,8.77,10.199,8.5,9.62,15698508.0
2022-05-11,10.08,10.2499,8.8,8.95,18476335.0
2022-05-10,11.04,11.37,9.75,10.27,15789626.0
2022-05-09,11.76,11.775,10.35,10.65,13143677.0
2022-05-06,13.08,13.11,11.86,12.02,9197507.0
2022-05-05,14.07,14.12,12.935,13.18,7892667.0
2022-05-04,13.49,14.32,12.96,14.22,7073178.0
2022-05-03,13.05,13.569,12.83,13.48,6902091.0
2022-05-02,12.76,13.26,12.54,13.23,9908659.0
2022-04-29,13.55,13.9944,12.93,12.94,7691996.0
2022-04-28,13.37,13.64,12.58,13.48,8212585.0
2022-04-27,13.79,14.24,13.24,13.27,7934777.0
2022-04-26,14.84,14.97,13.81,13.87,8735572.0
2022-04-25,14.15,14.96,14.1,14.94,6322996.0
2022-04-22,14.62,15.16,14.32,14.43,8611254.0
2022-04-21,15.86,16.24,14.5,14.62,9147171.0
2022-04-20,16.3,16.595,15.42,15.43,5939004.0
2022-04-19,15.25,16.38,14.995,16.37,9524217.0
2022-04-18,15.25,15.6,14.9,15.26,10767531.0
2022-04-14,16.69,16.7622,15.19,15.25,9594108.0
2022-04-13,16.05,16.68,15.89,16.66,4561796.0
2022-04-12,16.85,17.21,15.97,16.09,8559676.0
2022-04-11,16.38,16.8499,15.9243,16.51,6673168.0
2022-04-08,17.69,17.69,16.745,16.76,7327696.0
2022-04-07,17.88,18.24,17.14,17.8,7292961.0
2022-04-06,18.96,19.0999,17.135,17.74,13119051.0
2022-04-05,20.36,20.94,19.45,19.49,9211462.0
2022-04-04,20.23,20.99,19.9678,20.54,6950476.0
2022-04-01,19.88,20.13,19.361,19.7,4853806.0
2022-03-31,19.5,20.11,19.04,19.88,9921753.0
2022-03-30,19.52,20.02,19.08,19.37,6264106.0
2022-03-29,18.91,19.81,18.68,19.66,7320005.0
2022-03-28,19.12,19.13,18.2,18.67,5001705.0
2022-03-25,18.59,19.141,18.14,18.47,5934722.0
2022-03-24,18.4,18.946,18.2,18.75,4789758.0
2022-03-23,18.3,18.99,18.045,18.48,6742015.0
2022-03-22,17.92,18.5903,17.7,18.44,6317764.0
2022-03-21,18.26,18.96,17.92,18.13,7382311.0
2022-03-18,17.9,18.52,17.72,18.44,9729824.0
2022-03-17,16.97,18.04,16.52,18.01,9517538.0
2022-03-16,15.69,17.13,15.5,17.11,11453142.0
2022-03-15,14.77,15.525,14.33,15.5,8514298.0
2022-03-14,16.44,16.44,14.94,14.95,8013146.0
2022-03-11,17.25,17.38,16.25,16.56,7507018.0
2022-03-10,17.37,17.48,16.61,17.22,7083530.0
2022-03-09,16.78,17.57,16.62,17.47,13751864.0
2022-03-08,15.53,17.13,15.271,16.57,15022294.0
2022-03-07,14.76,16.3986,14.63,15.73,16864163.0
2022-03-04,15.31,15.31,14.1108,14.4,11623351.0
2022-03-03,15.23,15.44,14.3,15.01,21017643.0
2022-03-02,14.36,14.43,13.74,14.07,10042272.0
2022-03-01,14.55,14.66,13.99,14.29,7023539.0
2022-02-28,14.01,14.675,13.57,14.52,9156080.0
2022-02-25,13.32,13.7499,13.04,13.71,6511249.0
2022-02-24,11.57,13.69,11.5,13.64,11686343.0
2022-02-23,13.18,13.4505,12.34,12.38,7617352.0
2022-02-22,13.29,13.87,12.81,12.97,8445851.0
2022-02-18,14.53,14.56,13.61,13.81,7063213.0
2022-02-17,15.1,15.33,14.39,14.45,9043378.0
2022-02-16,14.98,15.52,14.7099,15.32,8002405.0
2022-02-15,13.83,15.345,13.79,15.26,11618675.0
2022-02-14,13.16,14.0999,13.06,13.38,7024365.0
2022-02-11,14.03,14.57,13.39,13.5,12459980.0
2022-02-10,13.55,14.88,13.4115,13.92,14366262.0
2022-02-09,13.17,13.855,13.13,13.82,7746992.0
2022-02-08,12.57,13.15,12.4,13.0,12282491.0
2022-02-07,13.27,13.64,12.62,12.7,8970175.0
2022-02-04,12.725,13.355,12.47,13.26,7502896.0
2022-02-03,13.0,13.32,12.56,12.59,10569993.0
2022-02-02,14.34,14.5,13.26,13.46,7878751.0
2022-02-01,14.0,14.35,13.49,14.24,8628293.0
2022-01-31,12.82,14.0,12.72,13.85,12068862.0
2022-01-28,11.88,12.66,11.49,12.65,11765398.0
2022-01-27,12.93,12.98,11.37,11.45,13925484.0
2022-01-26,12.851,13.54,12.45,12.59,9456927.0
2022-01-25,12.79,13.14,12.25,12.5,8513796.0
2022-01-24,12.17,12.95,11.2111,12.94,17236533.0
2022-01-21,14.0,14.239,13.118,13.22,10409361.0
2022-01-20,14.39,15.23,14.1,14.13,8485931.0
2022-01-19,14.21,14.68,13.92,14.24,9249866.0
2022-01-18,14.32,14.96,14.0907,14.3,9321887.0
2022-01-14,14.65,15.06,14.155,14.69,10862955.0
2022-01-13,16.1,16.139,14.79,14.79,13741804.0
2022-01-12,16.3,16.69,15.91,15.99,7247156.0
2022-01-11,15.73,16.42,15.66,16.21,8221266.0
2022-01-10,16.72,16.77,15.52,15.78,15195210.0
2022-01-07,17.37,17.8,16.86,16.89,8711861.0
2022-01-06,18.01,18.2752,16.89,17.35,10271435.0
2022-01-05,19.27,19.4801,18.07,18.16,7695970.0
2022-01-04,19.7,19.99,18.83,19.52,7808051.0
2022-01-03,19.42,19.9784,18.94,19.87,7950746.0
2021-12-31,19.02,19.71,18.91,19.05,9267176.0
2021-12-30,17.76,19.73,17.71,19.33,13773532.0
2021-12-29,18.535,18.62,17.52,17.76,12077178.0
2021-12-28,19.22,19.2699,18.56,18.68,5716969.0
2021-12-27,18.86,19.3,18.69,19.2,6951787.0
2021-12-23,18.62,19.2,18.16,19.05,7634811.0
2021-12-22,18.7,18.8899,18.3182,18.62,6052988.0
2021-12-21,18.06,18.825,17.96,18.74,9267470.0
2021-12-20,18.215,18.77,17.92,18.01,11363643.0
2021-12-17,18.91,19.23,18.125,19.03,19037983.0
2021-12-16,20.02,20.26,19.1,19.13,10443005.0
2021-12-15,19.91,20.25,18.94,19.89,13239529.0
2021-12-14,20.21,20.74,19.24,19.5,12186416.0
2021-12-13,20.0,21.11,19.9,20.89,9899995.0
2021-12-10,20.7,21.29,19.45,20.2,10933878.0
2021-12-09,21.21,22.13,20.59,20.69,11140521.0
2021-12-08,20.755,21.32,19.64,20.98,21719219.0
2021-12-07,21.8,22.18,21.3,21.78,12272878.0
2021-12-06,21.0,21.349,19.72,20.74,10332171.0
2021-12-03,23.25,23.4399,21.0,21.57,10588340.0
2021-12-02,23.63,24.455,22.88,23.29,7779575.0
2021-12-01,25.62,25.79,23.5,23.52,8588787.0
2021-11-30,25.785,26.75,24.46,25.52,11282382.0
2021-11-29,26.055,26.23,25.05,26.06,7823946.0
2021-11-26,25.02,25.99,25.0,25.82,5215227.0
2021-11-24,25.6,26.34,24.74,26.17,6926387.0
2021-11-23,26.98,27.9,25.51,25.85,8528591.0
2021-11-22,27.47,28.53,26.5701,27.3,11792364.0
2021-11-19,25.93,27.199,25.83,26.9,6840026.0
2021-11-18,27.3,27.47,25.68,26.13,11027839.0
2021-11-17,27.45,28.72,26.82,27.69,12708415.0
2021-11-16,26.95,27.48,25.34,27.45,13851465.0
2021-11-15,27.04,27.16,26.18,26.93,9375993.0
2021-11-12,26.1,27.37,25.91,26.82,12613565.0
2021-11-11,24.84,25.98,24.64,25.68,7789130.0
2021-11-10,25.5,25.68,24.08,24.52,10309449.0
2021-11-09,28.16,28.24,25.26,25.82,14651208.0
2021-11-08,27.57,28.29,26.5114,27.6,30445413.0
2021-11-05,24.99,25.41,24.195,24.69,7086609.0
2021-11-04,25.05,25.29,24.32,24.59,4735690.0
2021-11-03,23.97,24.9599,23.68,24.81,6881445.0
2021-11-02,25.4,25.52,23.835,24.26,9651135.0
2021-11-01,25.05,26.1,24.825,25.66,10082769.0
2021-10-29,23.91,24.89,23.88,24.78,7733102.0
2021-10-28,22.84,24.3599,22.72,24.16,10663238.0
2021-10-27,23.15,23.52,22.6,22.72,5194991.0
2021-10-26,23.1,23.5299,22.45,22.84,9266369.0
2021-10-25,21.62,23.09,21.52,22.99,9736579.0
2021-10-22,21.885,21.9,20.95,21.35,5824017.0
2021-10-21,21.0,22.37,21.0,22.02,9183633.0
2021-10-20,21.18,21.26,20.74,21.18,5924676.0
2021-10-19,20.4,21.259,20.26,21.19,11542603.0
2021-10-18,19.68,19.94,19.4605,19.91,5024053.0
2021-10-15,19.66,20.035,19.4151,19.71,4576606.0
2021-10-14,20.16,20.16,19.71,19.92,6742895.0
2021-10-13,20.03,20.13,19.52,20.0,6369232.0
2021-10-12,19.2,20.0,19.15,19.99,6055985.0
2021-10-11,18.43,19.36,18.3834,19.07,5494327.0
2021-10-08,18.71,19.095,18.38,18.4,5892591.0
2021-10-07,18.035,18.98,17.7901,18.66,7905586.0
2021-10-06,17.87,18.13,17.6,17.92,7285208.0
2021-10-05,18.09,18.35,17.77,17.99,7894937.0
2021-10-04,19.16,19.18,17.9233,18.01,13206357.0
2021-10-01,19.91,20.05,18.77,19.31,15686291.0
2021-09-30,20.39,20.4087,19.56,19.99,12841022.0
2021-09-29,20.91,21.51,20.35,20.43,10637777.0
2021-09-28,20.36,21.425,20.15,20.83,17695511.0
2021-09-27,19.93,20.85,19.88,20.47,11257196.0
2021-09-24,20.17,20.27,19.81,19.91,10711573.0
2021-09-23,20.57,20.66,20.285,20.51,7027292.0
2021-09-22,20.17,20.711,20.14,20.32,6155579.0
2021-09-21,20.3,20.4399,19.87,20.31,10085347.0
2021-09-20,20.31,20.81,20.01,20.25,10770903.0
2021-09-17,20.97,21.51,20.6,21.31,11677684.0
2021-09-16,20.58,20.7799,20.105,20.7,7872040.0
2021-09-15,20.76,20.8548,20.265,20.61,12443684.0
2021-09-14,21.07,21.815,20.905,21.14,7442473.0
2021-09-13,20.84,21.62,20.3,21.22,12217295.0
2021-09-10,21.84,21.84,20.64,20.68,14028118.0
2021-09-09,21.3,22.07,21.2815,21.87,5746048.0
2021-09-08,22.32,22.4,21.365,21.67,8666038.0
2021-09-07,22.3,22.99,22.09,22.58,9987792.0
2021-09-03,22.68,22.93,21.76,22.01,19224425.0
2021-09-02,23.79,23.8,22.18,22.97,42543171.0
2021-09-01,20.97,21.92,20.9402,21.23,16637061.0
2021-08-31,20.99,21.7,20.89,21.15,7563350.0
2021-08-30,21.42,21.62,20.735,20.89,7807197.0
2021-08-27,21.74,21.85,21.19,21.24,8197458.0
2021-08-26,22.01,22.46,21.31,21.36,6124302.0
2021-08-25,22.7,22.7,21.82,22.24,4904752.0
2021-08-24,22.33,22.6,22.0101,22.54,4401202.0
2021-08-23,21.42,22.12,21.34,21.97,3983644.0
2021-08-20,20.82,21.5193,20.76,21.26,4375584.0
2021-08-19,21.5,21.5792,20.74,20.79,6455110.0
2021-08-18,22.12,22.17,21.39,21.75,6214551.0
2021-08-17,22.37,22.37,21.3,21.86,6645507.0
2021-08-16,23.69,23.77,22.47,22.55,6305316.0
2021-08-13,25.08,25.1,23.81,23.99,3933886.0
2021-08-12,24.74,25.22,23.89,25.18,3738297.0
2021-08-11,26.6,26.6829,24.33,25.06,7858315.0
2021-08-10,26.21,26.43,25.38,26.02,5702021.0
2021-08-09,24.04,26.35,23.82,25.74,7805544.0
2021-08-06,24.74,25.09,23.6169,23.81,5368292.0
2021-08-05,23.57,24.99,23.15,24.67,7960945.0
2021-08-04,23.4,23.93,23.03,23.22,4290149.0
2021-08-03,23.5,23.62,22.7331,23.12,3553392.0
2021-08-02,23.5,23.83,22.97,23.36,5069603.0
2021-07-30,24.56,24.65,23.45,23.65,4119910.0
2021-07-29,24.91,24.96,23.78,24.07,6056617.0
2021-07-28,22.75,24.64,22.7,24.37,7640021.0
2021-07-27,23.02,23.18,21.91,22.75,6813033.0
2021-07-26,22.54,24.18,22.5,23.23,6218515.0
2021-07-23,24.01,24.2,22.53,22.56,9745700.0
2021-07-22,26.115,26.21,23.89,24.06,7813224.0
2021-07-21,24.88,26.0309,24.4,25.96,6258017.0
2021-07-20,23.73,24.72,23.6,24.53,6863741.0
2021-07-19,22.73,23.87,22.37,23.47,6772754.0
2021-07-16,23.35,23.57,22.83,22.96,5253063.0
2021-07-15,24.24,24.564,22.8,23.27,17346561.0
2021-07-14,26.2,26.2,23.93,24.52,10909098.0
2021-07-13,27.3,27.4,25.915,26.09,8614920.0
2021-07-12,28.08,29.48,27.6667,28.84,4810105.0
2021-07-09,28.79,28.7999,27.7,27.9,3776221.0
2021-07-08,27.67,28.36,27.09,28.06,4657191.0
2021-07-07,31.18,31.21,28.41,28.5,7035805.0
2021-07-06,32.15,32.51,30.85,31.11,3446505.0
2021-07-02,33.33,33.78,31.8,32.02,3390819.0
2021-07-01,35.17,35.47,32.59,32.98,3917478.0
2021-06-30,35.29,35.5,34.6727,34.74,3382287.0
2021-06-29,34.925,36.86,34.31,35.69,6103980.0
2021-06-28,32.0,35.06,31.84,34.94,7028333.0
2021-06-25,32.37,32.8145,31.22,31.67,10722184.0
2021-06-24,33.25,33.57,31.53,31.91,5909159.0
2021-06-23,32.25,33.45,32.19,32.91,3615671.0
2021-06-22,32.65,33.84,32.39,32.74,4963582.0
2021-06-21,33.61,33.72,31.87,32.61,6328439.0
2021-06-18,32.04,33.61,31.9,33.14,18824808.0
2021-06-17,30.69,33.28,30.6,31.96,8411455.0
2021-06-16,29.02,31.51,29.0018,31.35,8539711.0
2021-06-15,29.8,30.28,28.52,29.39,4458859.0
2021-06-14,28.65,30.3,28.65,29.83,6210885.0
2021-06-11,28.12,28.8098,28.09,28.72,2260379.0
2021-06-10,28.17,28.5763,27.26,28.09,3032002.0
2021-06-09,29.4,29.65,28.18,28.31,3928825.0
2021-06-08,29.54,30.26,28.78,29.5,6664918.0
2021-06-07,28.01,29.7496,27.69,29.52,7190666.0
2021-06-04,27.4,28.24,26.44,28.11,6506301.0
2021-06-03,26.65,28.35,25.65,26.27,5436002.0
2021-06-02,25.74,27.38,25.05,27.3,6127406.0
2021-06-01,24.77,26.17,24.25,25.96,4273364.0
2021-05-28,25.2,25.84,24.1,24.35,3566527.0
2021-05-27,25.0,25.33,24.3,25.33,3234051.0
2021-05-26,23.11,25.47,23.02,25.05,5699718.0
2021-05-25,23.37,23.66,22.77,23.01,2265753.0
2021-05-24,23.7,24.065,23.05,23.4,2352748.0
2021-05-21,24.35,24.89,23.41,23.68,3262274.0
2021-05-20,23.63,24.54,23.58,24.34,2486884.0
2021-05-19,22.37,23.9299,22.25,23.8,2763646.0
2021-05-18,23.23,24.11,22.64,23.75,4178363.0
2021-05-17,21.51,23.08,21.41,23.08,2537182.0
2021-05-14,20.9,22.05,20.4,22.01,3297646.0
2021-05-13,21.19,22.0,19.56,20.21,4896826.0
2021-05-12,21.48,22.12,20.7,20.94,3416127.0
2021-05-11,20.03,22.3299,20.0,22.18,5094976.0
2021-05-10,22.88,22.88,21.21,21.34,3883717.0
2021-05-07,22.88,23.44,22.4,22.63,3002575.0
2021-05-06,22.65,23.19,21.95,22.5,3672204.0
2021-05-05,23.13,23.85,22.97,23.12,2085781.0
2021-05-04,23.06,23.48,21.68,23.12,6282251.0
2021-05-03,25.21,25.46,23.4,23.58,5808572.0
2021-04-30,24.37,26.12,24.25,25.32,5689929.0
2021-04-29,26.77,26.82,24.53,24.98,7885750.0
2021-04-28,24.14,26.74,23.84,26.33,9151449.0
2021-04-27,27.1,27.1,24.57,25.15,9514562.0
2021-04-26,25.16,26.49,24.51,26.43,8031760.0
2021-04-23,22.8,24.55,22.5,24.38,8815698.0
2021-04-22,22.56,23.25,21.295,22.07,12661066.0
2021-04-21,20.0,21.5,19.04,21.39,12997139.0
2021-04-20,21.11,21.765,19.71,20.2,10723817.0
2021-04-19,22.47,22.5308,20.9,21.62,7319170.0
2021-04-16,23.6,23.6,22.23,22.27,5889576.0
2021-04-15,23.71,24.07,22.06,23.89,7309511.0
2021-04-14,25.03,25.8,23.29,23.42,6186172.0
2021-04-13,25.0,25.907,24.41,24.83,6015088.0
2021-04-12,27.46,27.53,25.17,25.65,7459599.0
2021-04-09,28.56,29.26,27.38,27.65,5482762.0
2021-04-08,29.01,29.8003,28.25,28.58,7015886.0
2021-04-07,30.5,30.82,28.07,28.53,9302550.0
2021-04-06,28.1,32.4699,27.21,31.09,15893349.0
2021-04-05,32.28,32.48,28.0,28.14,14103606.0
2021-04-01,30.0,30.82,27.41,29.84,17753838.0
2021-03-31,24.54,27.8,23.6,26.7,18385190.0
2021-03-30,21.09,22.91,20.8,22.46,6840783.0
2021-03-29,21.3,22.01,20.53,20.92,3819297.0
2021-03-26,20.46,21.57,20.02,20.48,4371636.0
2021-03-25,20.0,22.59,19.59,20.21,6446031.0
2021-03-24,23.46,23.54,20.55,20.69,7505863.0
2021-03-23,24.7,24.78,22.61,22.93,4560098.0
2021-03-22,23.94,25.0,23.53,24.72,4107850.0
2021-03-19,24.5,24.56,23.43,23.51,4797602.0
2021-03-18,24.49,25.1387,23.6,24.0,3955967.0
2021-03-17,23.72,24.65,23.028,24.01,5431178.0
2021-03-16,25.94,26.0,23.86,24.7,8033382.0
2021-03-15,27.55,27.55,25.2,25.91,9431899.0
2021-03-12,26.41,28.45,25.84,27.84,10396752.0
2021-03-11,29.67,31.53,28.72,30.43,5170318.0
2021-03-10,30.08,30.54,27.75,28.63,4551405.0
2021-03-09,27.84,30.0,26.81,28.48,7328979.0
2021-03-08,28.0,29.15,25.12,25.68,4698727.0
2021-03-05,24.89,26.55,19.5,26.13,6898950.0
2021-03-04,28.0,28.1,22.01,24.21,7762126.0
2021-03-03,29.82,30.97,28.01,28.33,3389169.0
2021-03-02,31.26,31.55,28.0,28.5,3122552.0
2021-03-01,32.3,33.35,28.56,30.11,5180373.0
2021-02-26,33.0,33.95,28.0,30.83,6240832.0
2021-02-25,34.34,38.5,32.25,32.92,3324840.0
2021-02-24,33.01,35.6599,33.0,34.49,1597071.0
2021-02-23,34.9,34.9,26.7318,33.18,3913787.0
2021-02-22,36.4,37.98,36.1148,36.29,1612667.0
2021-02-19,37.0,37.13,36.01,36.34,1335422.0
2021-02-18,37.0,37.43,35.79,36.31,1637309.0
2021-02-17,36.97,37.88,36.51,37.33,1455910.0
2021-02-16,38.94,39.0,37.0,37.25,1573450.0
2021-02-12,36.73,38.1,35.5,37.98,2723542.0
2021-02-11,39.11,39.1899,36.55,37.15,5176563.0
2021-02-10,41.99,41.99,38.89,39.3,2869637.0
2021-02-09,40.68,42.35,38.62,41.33,3109530.0
2021-02-08,40.95,43.0,40.5,40.83,3519707.0
2021-02-05,41.17,41.42,39.6,40.56,1949468.0
2021-02-04,41.03,41.69,39.7206,41.01,2065268.0
2021-02-03,38.32,40.75,38.2,40.47,2595940.0
2021-02-02,38.96,39.55,37.5,38.16,1614527.0
2021-02-01,38.36,38.67,36.45,38.56,2154971.0
2021-01-29,39.02,39.5799,37.1,38.06,2129686.0
2021-01-28,39.5,40.48,38.02,39.53,2062955.0
2021-01-27,40.5,41.39,37.78,40.65,3078987.0
2021-01-26,39.13,44.24,39.081,41.27,6557176.0
2021-01-25,39.45,39.7603,36.0,38.68,4765290.0
2021-01-22,39.25,40.0,39.0,39.62,1982913.0
2021-01-21,40.05,40.36,39.07,40.3,2002074.0
2021-01-20,40.4,40.978,38.98,39.37,3263178.0
2021-01-19,41.63,42.45,39.21,41.32,3563747.0
2021-01-15,42.85,43.3099,40.6,41.43,2797914.0
2021-01-14,44.86,44.9999,42.11,44.2,2690231.0
2021-01-13,45.68,46.3,43.75,44.4,2526656.0
2021-01-12,43.05,44.7707,42.76,44.5,2988731.0
2021-01-11,40.78,44.8999,39.8069,42.51,4142668.0
2021-01-08,41.2,43.49,40.0359,42.38,4102802.0
2021-01-07,40.96,40.98,38.8,39.9,3045192.0
2021-01-06,38.72,40.96,37.02,37.75,4664919.0
2021-01-05,34.96,37.85,34.05,36.39,2988877.0
2021-01-04,38.0,38.0999,35.5,36.78,4778271.0
2020-12-31,41.63,41.63,39.15,40.08,2163517.0
2020-12-30,42.33,43.34,40.8,41.18,2408976.0
2020-12-29,42.0,42.165,38.9,40.59,4260022.0
2020-12-28,49.08,49.09,42.19,43.6,5946228.0
2020-12-24,45.56,49.48,45.1247,46.1,5838338.0
2020-12-23,42.89,48.8,41.06,44.89,7528726.0
2020-12-22,39.99,46.58,37.5,45.23,9825863.0
2020-12-21,37.26,39.98,36.5,39.0,6894924.0
2020-12-18,35.94,37.49,35.03,35.99,3835338.0
2020-12-17,35.52,36.0,34.55,35.5,2946101.0
2020-12-16,35.23,36.45,34.2,34.95,3792344.0
2020-12-15,34.0,34.96,32.65,34.94,5489207.0
2020-12-14,39.59,39.98,35.0,35.71,5540199.0
2020-12-11,39.32,40.0,36.78,37.91,7537374.0
2020-12-10,39.22,42.6,38.17,41.9,5313445.0
2020-12-09,40.0,44.41,36.15,43.0,12491672.0
2020-12-08,38.35,38.98,35.44,38.56,5587882.0
2020-12-07,35.0,37.59,34.15,36.37,7964259.0
2020-12-04,32.0,34.0,30.41,32.9,5099672.0
2020-12-03,31.39,32.9,30.09,32.56,5263456.0
2020-12-02,26.14,31.79,24.56,29.5,13181742.0
2020-12-01,35.36,35.48,29.0,29.35,10167781.0
2020-11-30,39.1,39.1167,32.56,33.61,7793311.0
2020-11-27,36.77,37.75,36.0,37.13,4132741.0
2020-11-25,34.69,36.67,33.1,34.94,11524452.0
2020-11-24,39.62,42.3,33.6,36.88,27986440.0
2020-11-23,29.83,35.88,29.53,34.08,21660043.0
2020-11-20,25.96,28.7,25.51,26.16,13177645.0
2020-11-19,20.15,25.43,19.87,24.7,12423970.0
2020-11-18,20.64,20.66,19.5,19.68,5241473.0
2020-11-17,18.51,20.99,17.99,19.48,5651104.0
2020-11-16,17.2,18.64,16.8455,18.2,2583169.0
2020-11-13,16.9,17.48,15.87,16.55,2492737.0
2020-11-12,16.9,17.1,16.1,16.37,1599931.0
2020-11-11,17.03,17.15,16.28,17.0,1149687.0
2020-11-10,17.32,17.37,15.34,16.96,2224915.0
2020-11-09,17.85,18.0,16.6,16.88,3094031.0
2020-11-06,15.6,16.86,15.58,16.11,2706735.0
2020-11-05,14.79,15.4,14.77,15.33,1967232.0
2020-11-04,15.12,15.2,13.15,14.2,2738355.0
2020-11-03,14.18,15.3999,13.875,14.9,2484822.0
2020-11-02,13.8,14.18,13.01,13.71,1893631.0
2020-10-30,13.6,13.6001,12.8,13.23,1948847.0
2020-10-29,13.44,14.02,13.05,13.6,1568676.0
2020-10-28,13.5,13.79,12.75,13.32,2235124.0
2020-10-27,14.2,14.55,13.91,13.95,1500165.0
2020-10-26,15.6,15.6,14.1,14.16,2761770.0
2020-10-23,16.38,16.38,15.12,15.61,1536135.0
2020-10-22,16.15,16.51,15.4,15.94,2214863.0
2020-10-21,16.5,16.87,16.0,16.2,1921655.0
2020-10-20,16.5,17.5992,16.0,16.04,3154405.0
2020-10-19,15.71,16.49,15.55,16.09,2667953.0
2020-10-16,15.39,16.15,15.08,15.21,2519696.0
2020-10-15,14.46,15.2,14.45,15.14,1378482.0
2020-10-14,14.54,14.85,13.945,14.85,1609392.0
2020-10-13,15.0,15.0399,14.11,14.42,2094544.0
2020-10-12,15.0,15.6,14.85,15.05,2011755.0
2020-10-09,15.1,15.14,14.35,14.66,1824882.0
2020-10-08,13.98,15.38,13.7512,14.72,4948365.0
2020-10-07,14.17,14.39,13.25,13.71,2737723.0
2020-10-06,14.63,14.63,13.66,13.9,5113214.0
2020-10-05,15.47,15.4935,14.5,14.96,3349245.0
2020-10-02,14.45,15.39,14.36,15.39,2895670.0
2020-10-01,16.0,16.1,15.21,15.38,2662408.0
2020-09-30,15.54,16.24,15.05,15.6,3530025.0
2020-09-29,15.75,15.795,14.8,15.21,3634098.0
2020-09-28,15.21,16.45,15.2,15.53,9471869.0
2020-09-25,12.72,13.94,12.64,13.84,7134838.0
2020-09-24,12.33,13.16,11.11,12.46,16238485.0
2020-09-23,13.1,13.15,11.9,12.18,2960348.0
2020-09-22,13.75,13.9,13.11,13.19,2010997.0
2020-09-21,14.17,14.23,13.2,13.79,3515472.0
2020-09-18,14.0,14.25,13.55,14.25,2882784.0
2020-09-17,13.93,14.35,13.31,14.25,6504146.0
2020-09-16,10.42,13.7099,10.27,13.3,9197303.0
2020-09-15,10.45,10.46,10.4101,10.45,109634.0
2020-09-14,10.32,10.4,10.25,10.37,21931.0
2020-09-11,10.4,10.4,10.27,10.35,9396.0
2020-09-10,10.4,10.4,10.36,10.38,192156.0
2020-09-09,10.4,10.4,10.35,10.4,269636.0
2020-09-08,10.35,10.45,10.2901,10.35,21182.0
2020-09-04,10.19,10.36,10.19,10.35,108652.0
2020-09-03,10.3,10.3,10.2,10.265,112144.0
2020-09-02,10.25,10.25,10.1,10.25,838619.0
2020-09-01,10.1,10.2,10.1,10.2,4545.0
2020-08-31,10.16,10.205,10.05,10.2,60282.0
2020-08-28,10.21,10.2399,10.17,10.2,3053.0
2020-08-27,10.24,10.27,10.18,10.245,5360.0
2020-08-26,10.2,10.25,10.19,10.25,11292.0
2020-08-25,10.25,10.25,10.2,10.24,45375.0
2020-08-24,10.21,10.25,10.15,10.2,1873880.0
2020-08-21,10.21,10.21,10.16,10.2,130574.0
2020-08-20,10.19,10.315,10.19,10.25,35453.0
2020-08-19,10.35,10.35,10.19,10.19,9425.0
2020-08-18,10.275,10.35,10.275,10.3,5279.0
2020-08-17,10.36,10.36,10.31,10.35,1834.0
2020-08-14,10.37,10.37,10.2,10.31,86485.0
2020-08-13,10.25,10.35,10.21,10.35,15070.0
2020-08-12,10.2,10.28,10.19,10.2,14530.0
2020-08-11,10.24,10.24,10.24,10.24,332.0
2020-08-10,10.35,10.35,10.21,10.21,42225.0
2020-08-07,10.36,10.36,10.28,10.28,377918.0
2020-08-06,10.36,10.36,10.3198,10.35,724364.0
2020-08-05,10.32,10.36,10.32,10.34,157446.0
2020-08-04,10.35,10.38,10.24,10.32,213365.0
2020-08-03,10.2,10.33,10.1724,10.33,95951.0
2020-07-31,10.16,10.2591,10.1392,10.2,757451.0
2020-07-30,10.23,10.29,10.21,10.25,81522.0
2020-07-29,10.24,10.25,10.2,10.2,85526.0
2020-07-28,10.21,10.33,10.21,10.28,6276.0
2020-07-27,10.2,10.31,10.15,10.3,79991.0
2020-07-24,10.03,10.15,10.03,10.14,1744.0
2020-07-23,10.03,10.13,10.03,10.09,51234.0
2020-07-22,10.2,10.2,10.07,10.08,729.0
2020-07-21,10.2,10.26,10.14,10.14,112317.0
2020-07-20,10.16,10.19,10.16,10.19,1276.0
2020-07-17,10.0,10.1,10.0,10.1,74800.0
2020-07-16,10.04,10.05,10.04,10.05,270.0
2020-07-15,10.1,10.1,10.08,10.08,2900.0
2020-07-14,10.07,10.1,10.04,10.04,84500.0
2020-07-13,10.05,10.1,10.05,10.06,175700.0
2020-07-10,10.07,10.11,10.07,10.08,19400.0
2020-07-09,9.94,10.12,9.94,10.1,625700.0
2020-07-08,9.98,9.98,9.98,9.98,30.0
2020-07-07,9.98,9.98,9.98,9.98,0.0
2020-07-06,10.09,10.09,9.98,9.98,452400.0
2020-07-02,10.0,10.01,9.94,9.94,119800.0
2020-07-01,10.05,10.06,9.99,10.06,2700.0
2020-06-30,9.99,10.05,9.99,10.05,320.0
2020-06-29,10.05,10.05,10.04,10.04,140300.0
2020-06-26,9.8501,9.995,9.8501,9.96,256225.0
2020-06-25,9.96,9.96,9.96,9.96,200001.0
2020-06-24,10.0199,10.0199,10.0199,10.0199,104.0
2020-06-23,9.98,10.03,9.98,10.03,210.0
2020-06-22,9.96,10.0,9.96,10.0,51057.0
2020-06-19,9.9,9.95,9.88,9.95,12049.0
2020-06-18,9.83,9.83,9.83,9.83,0.0
2020-06-17,9.83,9.83,9.83,9.83,0.0
2020-06-16,9.92,9.92,9.83,9.83,101081.0
2020-06-15,9.83,9.83,9.83,9.83,44.0
2020-06-12,9.83,9.84,9.83,9.83,27774.0
2020-06-11,9.86,9.86,9.82,9.82,227.0
2020-06-10,9.86,9.86,9.86,9.86,1853.0
2020-06-09,9.83,9.83,9.83,9.83,14.0
2020-06-08,9.83,9.83,9.83,9.83,41.0
2020-06-05,9.83,9.83,9.83,9.83,250000.0
2020-06-04,9.75,9.86,9.75,9.86,355254.0
2020-06-03,9.84,9.84,9.84,9.84,172.0
2020-06-02,9.83,9.84,9.83,9.84,625150.0
2020-06-01,9.825,9.85,9.825,9.85,400.0
2020-05-29,9.85,9.85,9.85,9.85,100.0
2020-05-28,9.85,9.85,9.85,9.85,1805.0
2020-05-27,9.811,9.811,9.811,9.811,0.0
2020-05-26,9.811,9.811,9.811,9.811,182.0
2020-05-22,9.85,9.85,9.85,9.85,0.0
2020-05-21,9.75,9.85,9.75,9.85,300.0
2020-05-20,9.85,9.85,9.85,9.85,47.0
2020-05-19,9.843,9.85,9.843,9.85,5177.0
2020-05-18,9.87,9.87,9.825,9.85,19664.0
2020-05-15,9.8,9.85,9.8,9.85,50105.0
2020-05-14,9.85,9.85,9.85,9.85,23.0
2020-05-13,9.85,9.85,9.85,9.85,1922.0
2020-05-12,9.8499,9.8499,9.8499,9.8499,1.0
2020-05-11,9.8499,9.8499,9.8499,9.8499,69.0
2020-05-08,9.73,9.8499,9.73,9.8499,400509.0
2020-05-07,9.8,9.8,9.8,9.8,106.0
2020-05-06,9.85,9.85,9.8,9.8,2226.0
2020-05-05,9.78,9.85,9.78,9.8,150916.0
2020-05-04,9.84,9.84,9.84,9.84,120.0
2020-05-01,9.76,9.84,9.76,9.8,611040.0
2020-04-30,9.78,9.78,9.78,9.78,0.0
2020-04-29,9.78,9.78,9.78,9.78,375045.0
2020-04-28,9.78,9.78,9.78,9.78,527.0
2020-04-27,9.76,9.77,9.75,9.77,200540.0
2020-04-24,9.76,9.785,9.75,9.785,407756.0
2020-04-23,9.85,9.85,9.7,9.7,14238.0
2020-04-22,9.79,9.81,9.7772,9.7772,152124.0
2020-04-21,9.75,9.75,9.75,9.75,111.0
2020-04-20,9.82,9.82,9.81,9.81,404.0
2020-04-17,9.7,9.7,9.7,9.7,0.0
2020-04-16,9.7,9.7,9.7,9.7,7.0
2020-04-15,9.81,9.81,9.7,9.7,101800.0
2020-04-14,9.735,9.735,9.735,9.735,0.0
2020-04-13,9.75,9.75,9.735,9.735,368.0
2020-04-09,9.69,9.73,9.69,9.69,32528.0
2020-04-08,9.72,9.73,9.72,9.73,254248.0
2020-04-07,9.76,9.76,9.76,9.76,105.0
2020-04-06,9.61,9.76,9.61,9.76,493.0
2020-04-03,9.69,9.74,9.69,9.74,401.0
2020-04-02,9.65,9.65,9.65,9.65,78534.0
2020-04-01,9.65,9.65,9.65,9.65,0.0
2020-03-31,9.65,9.65,9.65,9.65,621937.0
2020-03-30,9.8031,9.8031,9.8031,9.8031,100.0
2020-03-27,9.565,9.565,9.565,9.565,119.0
2020-03-26,9.43,9.565,9.43,9.565,4049.0
2020-03-25,9.38,9.38,9.38,9.38,0.0
2020-03-24,9.38,9.38,9.38,9.38,4.0
2020-03-23,9.4,9.44,9.38,9.38,609198.0
2020-03-20,9.7163,9.7163,9.7163,9.7163,50010.0
2020-03-19,9.7163,9.7163,9.7163,9.7163,58.0
2020-03-18,9.7163,9.7163,9.7163,9.7163,288.0
2020-03-17,9.63,9.63,9.6,9.6,3664.0
2020-03-16,9.6,9.6,9.6,9.6,600109.0
2020-03-13,9.75,9.8,9.7,9.75,293601.0
2020-03-12,9.9,9.9,9.9,9.9,158.0
2020-03-11,9.941,9.941,9.89,9.89,1402.0
2020-03-10,9.79,9.85,9.79,9.83,700371.0
2020-03-09,9.77,9.77,9.77,9.77,208.0
2020-03-06,9.97,9.97,9.97,9.97,26.0
2020-03-05,9.97,9.97,9.9698,9.97,533.0
2020-03-04,9.98,9.98,9.98,9.98,20.0
2020-03-03,9.98,9.98,9.98,9.98,123.0
2020-03-02,9.98,9.98,9.98,9.98,1203.0
2020-02-28,9.92,9.97,9.92,9.97,49655.0
2020-02-27,9.96,9.96,9.96,9.96,116079.0
2020-02-26,9.96,9.97,9.96,9.97,2107.0
2020-02-25,9.98,9.98,9.98,9.98,9.0
2020-02-24,9.985,9.985,9.98,9.98,202052.0
2020-02-21,10.05,10.09,10.05,10.09,710.0
2020-02-20,10.08,10.08,10.08,10.08,32.0
2020-02-19,10.08,10.08,10.08,10.08,195.0
2020-02-18,10.08,10.08,10.08,10.08,120.0
2020-02-14,10.08,10.08,10.08,10.08,775.0
2020-02-13,10.08,10.08,10.08,10.08,2796.0
2020-02-12,10.08,10.08,10.08,10.08,896.0
2020-02-11,10.08,10.08,10.08,10.08,10.0
2020-02-10,10.08,10.08,10.08,10.08,210.0
2020-02-07,9.935,9.935,9.935,9.935,3.0
2020-02-06,9.85,9.935,9.85,9.935,294.0
2020-02-05,9.95,9.95,9.95,9.95,606.0
2020-02-04,9.9,9.95,9.9,9.95,217.0
2020-02-03,9.92,9.92,9.92,9.92,748.0
2020-01-31,10.12,10.12,9.99,10.0,1431.0
2020-01-30,10.02,10.02,9.92,9.92,2297.0
2020-01-29,9.92,9.92,9.92,9.92,0.0
2020-01-28,9.92,9.92,9.92,9.92,100000.0
2020-01-27,9.92,9.92,9.92,9.92,299998.0
2020-01-24,9.92,9.92,9.92,9.92,0.0
2020-01-23,9.99,9.99,9.92,9.92,200250.0
2020-01-22,9.92,9.93,9.92,9.92,13633.0
2020-01-21,9.915,9.92,9.915,9.92,400000.0
2020-01-17,9.93,9.95,9.87,9.88,123423.0
2020-01-16,9.93,9.93,9.93,9.93,0.0
2020-01-15,9.93,9.93,9.93,9.93,0.0
2020-01-14,9.93,9.93,9.93,9.93,0.0
2020-01-13,9.93,9.94,9.93,9.93,22600.0
2020-01-10,9.94,9.94,9.94,9.94,0.0
2020-01-09,9.92,9.94,9.92,9.94,400400.0
2020-01-08,9.9,9.95,9.83,9.95,22816.0
2020-01-07,9.82,9.82,9.82,9.82,0.0
2020-01-06,9.82,9.82,9.82,9.82,2000.0
2020-01-03,9.8,9.8,9.8,9.8,0.0
2020-01-02,9.8,9.8,9.8,9.8,0.0
2019-12-31,9.8,9.8,9.8,9.8,4.0
2019-12-30,9.8,9.8,9.8,9.8,0.0
2019-12-27,9.8,9.8,9.8,9.8,0.0
2019-12-26,9.8,9.8,9.8,9.8,0.0
2019-12-24,9.8,9.8,9.8,9.8,0.0
2019-12-23,9.8,9.8,9.8,9.8,0.0
2019-12-20,9.8,9.8,9.8,9.8,0.0
2019-12-19,9.8,9.8,9.8,9.8,0.0
2019-12-18,9.8,9.8,9.8,9.8,0.0
2019-12-17,9.8,9.8,9.8,9.8,19881.0
2019-12-16,9.82,9.82,9.82,9.82,119.0
2019-12-13,9.79,9.86,9.79,9.82,45100.0
2019-12-12,9.8,9.8,9.8,9.8,0.0
2019-12-11,9.8,9.8,9.8,9.8,2.0
2019-12-10,9.8,9.8,9.8,9.8,0.0
2019-12-09,9.8,9.8,9.8,9.8,2.0
2019-12-06,9.8,9.8,9.8,9.8,0.0
2019-12-05,9.79,9.8,9.79,9.8,36624.0
2019-12-04,9.76,9.76,9.76,9.76,0.0
2019-12-03,9.76,9.76,9.76,9.76,0.0
2019-12-02,9.76,9.76,9.76,9.76,45.0
2019-11-29,9.76,9.76,9.76,9.76,145.0
2019-11-27,9.79,9.79,9.79,9.79,0.0
2019-11-26,9.79,9.79,9.79,9.79,0.0
2019-11-25,9.79,9.79,9.79,9.79,0.0
2019-11-22,9.79,9.79,9.79,9.79,0.0
2019-11-21,9.79,9.79,9.79,9.79,0.0
2019-11-20,9.7,9.79,9.7,9.79,307.0
2019-11-19,9.79,9.79,9.79,9.79,0.0
2019-11-18,9.77,9.8,9.77,9.79,23977.0
2019-11-15,9.77,9.77,9.77,9.77,369.0
2019-11-14,9.7,9.8,9.7,9.77,1100838.0
2019-11-13,9.74,9.74,9.74,9.74,0.0
2019-11-12,9.74,9.74,9.74,9.74,250000.0
2019-11-11,9.72,9.72,9.72,9.72,0.0
2019-11-08,9.72,9.72,9.72,9.72,0.0
2019-11-07,9.72,9.72,9.72,9.72,286900.0
2019-11-06,9.72,9.72,9.72,9.72,43811.0
2019-11-05,9.73,9.74,9.72,9.74,285984.0
2019-11-04,9.73,9.73,9.73,9.73,20000.0
2019-11-01,9.73,9.73,9.73,9.73,0.0
2019-10-31,9.72,9.75,9.72,9.73,1102781.0
2019-10-30,9.75,9.75,9.75,9.75,0.0
2019-10-29,9.75,9.75,9.75,9.75,9.0
2019-10-28,9.75,9.75,9.75,9.75,0.0
2019-10-25,9.75,9.75,9.75,9.75,0.0
2019-10-24,9.74,9.75,9.74,9.75,300.0
2019-10-23,9.74,9.75,9.74,9.75,602.0
2019-10-22,9.75,9.75,9.75,9.75,2.0
2019-10-21,9.75,9.75,9.72,9.75,2014.0
2019-10-18,9.71,9.71,9.71,9.71,5.0
2019-10-17,9.7,9.71,9.7,9.71,175605.0
2019-10-16,9.75,9.75,9.75,9.75,100.0
2019-10-15,9.7353,9.75,9.735,9.735,4200.0
2019-10-14,9.7,9.7,9.7,9.7,0.0
2019-10-11,9.7,9.7,9.7,9.7,130000.0
2019-10-10,9.66,9.66,9.63,9.65,450492.0
2019-10-09,9.68,9.68,9.68,9.68,0.0
2019-10-08,9.68,9.68,9.68,9.68,0.0
2019-10-07,9.68,9.68,9.68,9.68,186900.0
2019-10-04,9.71,9.71,9.71,9.71,0.0
2019-10-03,9.71,9.71,9.71,9.71,0.0
2019-10-02,9.71,9.71,9.71,9.71,0.0
2019-10-01,9.71,9.71,9.71,9.71,0.0
2019-09-30,9.685,9.71,9.685,9.71,800.0
2019-09-27,9.7,9.7,9.66,9.66,25000.0
2019-09-26,9.85,9.85,9.85,9.85,811.0
2019-09-25,9.85,9.85,9.85,9.85,0.0
2019-09-24,9.85,9.85,9.85,9.85,0.0
2019-09-23,9.85,9.85,9.85,9.85,0.0
2019-09-20,9.84,9.85,9.84,9.85,911.0
2019-09-19,9.72,9.72,9.72,9.72,0.0
2019-09-18,9.69,9.72,9.69,9.72,200.0
2019-09-17,9.76,9.76,9.76,9.76,0.0
2019-09-16,9.65,9.76,9.65,9.76,600.0
