,Day 1,Day 2,Day 3,Day 4,Day 5,Day 6,Day 7
2019-02-08,1.3700006,1.3399997,1.3799995,1.3799995,1.3599995,1.3399997,1.3399997
2019-02-11,1.3399997,1.3799995,1.3799995,1.3599995,1.3399997,1.3399997,1.3599995
2019-02-12,1.3799995,1.3799995,1.3599995,1.3399997,1.3399997,1.3599995,1.3700006
2019-02-13,1.3799995,1.3599995,1.3399997,1.3399997,1.3599995,1.3700006,1.3999994
2019-02-14,1.3599995,1.3399997,1.3399997,1.3599995,1.3700006,1.3999994,1.6699992
2019-02-15,1.3399997,1.3399997,1.3599995,1.3700006,1.3999994,1.6699992,1.6200005
2019-02-19,1.3399997,1.3599995,1.3700006,1.3999994,1.6699992,1.6200005,1.6899991
2019-02-20,1.3599995,1.3700006,1.3999994,1.6699992,1.6200005,1.6899991,1.7799997
2019-02-21,1.3700006,1.3999994,1.6699992,1.6200005,1.6899991,1.7799997,1.7799997
2019-02-22,1.3999994,1.6699992,1.6200005,1.6899991,1.7799997,1.7799997,1.7999997
2019-02-25,1.6699992,1.6200005,1.6899991,1.7799997,1.7799997,1.7999997,1.750001
2019-02-26,1.6200005,1.6899991,1.7799997,1.7799997,1.7999997,1.750001,1.7700009
2019-02-27,1.6899991,1.7799997,1.7799997,1.7999997,1.750001,1.7700009,1.7900008
2019-02-28,1.7799997,1.7799997,1.7999997,1.750001,1.7700009,1.7900008,1.7900008
2019-03-01,1.7799997,1.7999997,1.750001,1.7700009,1.7900008,1.7900008,1.7999997
2019-03-04,1.7999997,1.750001,1.7700009,1.7900008,1.7900008,1.7999997,1.8599994
2019-03-05,1.750001,1.7700009,1.7900008,1.7900008,1.7999997,1.8599994,1.8700004
2019-03-06,1.7700009,1.7900008,1.7900008,1.7999997,1.8599994,1.8700004,1.8100007
2019-03-07,1.7900008,1.7900008,1.7999997,1.8599994,1.8700004,1.8100007,1.9699999
2019-03-08,1.7900008,1.7999997,1.8599994,1.8700004,1.8100007,1.9699999,1.95
2019-03-11,1.7999997,1.8599994,1.8700004,1.8100007,1.9699999,1.95,2.1099994
2019-03-12,1.8599994,1.8700004,1.8100007,1.9699999,1.95,2.1099994,2.2
2019-03-13,1.8700004,1.8100007,1.9699999,1.95,2.1099994,2.2,2.3799992
2019-03-14,1.8100007,1.9699999,1.95,2.1099994,2.2,2.3799992,2.5899992
2019-03-15,1.9699999,1.95,2.1099994,2.2,2.3799992,2.5899992,2.2
2019-03-18,1.95,2.1099994,2.2,2.3799992,2.5899992,2.2,2.3999991
2019-03-19,2.1099994,2.2,2.3799992,2.5899992,2.2,2.3999991,2.5299995
2019-03-20,2.2,2.3799992,2.5899992,2.2,2.3999991,2.5299995,2.6200001
2019-03-21,2.3799992,2.5899992,2.2,2.3999991,2.5299995,2.6200001,2.5400004
2019-03-22,2.5899992,2.2,2.3999991,2.5299995,2.6200001,2.5400004,2.4800007
2019-03-25,2.2,2.3999991,2.5299995,2.6200001,2.5400004,2.4800007,2.3599992
2019-03-26,2.3999991,2.5299995,2.6200001,2.5400004,2.4800007,2.3599992,2.3999991
2019-03-27,2.5299995,2.6200001,2.5400004,2.4800007,2.3599992,2.3999991,2.3599992
2019-03-28,2.6200001,2.5400004,2.4800007,2.3599992,2.3999991,2.3599992,2.420001
2019-03-29,2.5400004,2.4800007,2.3599992,2.3999991,2.3599992,2.420001,2.3999991
2019-04-01,2.4800007,2.3599992,2.3999991,2.3599992,2.420001,2.3999991,2.3500004
2019-04-02,2.3599992,2.3999991,2.3599992,2.420001,2.3999991,2.3500004,2.4499998
2019-04-03,2.3999991,2.3599992,2.420001,2.3999991,2.3500004,2.4499998,2.4499998
2019-04-04,2.3599992,2.420001,2.3999991,2.3500004,2.4499998,2.4499998,2.5499995
2019-04-05,2.420001,2.3999991,2.3500004,2.4499998,2.4499998,2.5499995,2.629999
2019-04-08,2.3999991,2.3500004,2.4499998,2.4499998,2.5499995,2.629999,2.7700005
2019-04-09,2.3500004,2.4499998,2.4499998,2.5499995,2.629999,2.7700005,2.5899992
2019-04-10,2.4499998,2.4499998,2.5499995,2.629999,2.7700005,2.5899992,2.670001
2019-04-11,2.4499998,2.5499995,2.629999,2.7700005,2.5899992,2.670001,2.670001
2019-04-12,2.5499995,2.629999,2.7700005,2.5899992,2.670001,2.670001,2.5899992
2019-04-15,2.629999,2.7700005,2.5899992,2.670001,2.670001,2.5899992,2.5099995
2019-04-16,2.7700005,2.5899992,2.670001,2.670001,2.5899992,2.5099995,2.5899992
2019-04-17,2.5899992,2.670001,2.670001,2.5899992,2.5099995,2.5899992,2.5600004
2019-04-18,2.670001,2.670001,2.5899992,2.5099995,2.5899992,2.5600004,2.5699992
2019-04-22,2.670001,2.5899992,2.5099995,2.5899992,2.5600004,2.5699992,2.5000007
2019-04-23,2.5899992,2.5099995,2.5899992,2.5600004,2.5699992,2.5000007,2.5299995
2019-04-24,2.5099995,2.5899992,2.5600004,2.5699992,2.5000007,2.5299995,2.5800004
2019-04-25,2.5899992,2.5600004,2.5699992,2.5000007,2.5299995,2.5800004,2.5299995
2019-04-26,2.5600004,2.5699992,2.5000007,2.5299995,2.5800004,2.5299995,2.5200007
2019-04-29,2.5699992,2.5000007,2.5299995,2.5800004,2.5299995,2.5200007,2.5299995
2019-04-30,2.5000007,2.5299995,2.5800004,2.5299995,2.5200007,2.5299995,2.4899998
2019-05-01,2.5299995,2.5800004,2.5299995,2.5200007,2.5299995,2.4899998,2.5099995
2019-05-02,2.5800004,2.5299995,2.5200007,2.5299995,2.4899998,2.5099995,2.460001
2019-05-03,2.5299995,2.5200007,2.5299995,2.4899998,2.5099995,2.460001,2.5699992
2019-05-06,2.5200007,2.5299995,2.4899998,2.5099995,2.460001,2.5699992,2.5099995
2019-05-07,2.5299995,2.4899998,2.5099995,2.460001,2.5699992,2.5099995,2.4699998
2019-05-08,2.4899998,2.5099995,2.460001,2.5699992,2.5099995,2.4699998,2.420001
2019-05-09,2.5099995,2.460001,2.5699992,2.5099995,2.4699998,2.420001,2.3100004
2019-05-10,2.460001,2.5699992,2.5099995,2.4699998,2.420001,2.3100004,2.3500004
2019-05-13,2.5699992,2.5099995,2.4699998,2.420001,2.3100004,2.3500004,2.230001
2019-05-14,2.5099995,2.4699998,2.420001,2.3100004,2.3500004,2.230001,2.2799995
2019-05-15,2.4699998,2.420001,2.3100004,2.3500004,2.230001,2.2799995,2.3300004
2019-05-16,2.420001,2.3100004,2.3500004,2.230001,2.2799995,2.3300004,2.420001
2019-05-17,2.3100004,2.3500004,2.230001,2.2799995,2.3300004,2.420001,2.5499995
2019-05-20,2.3500004,2.230001,2.2799995,2.3300004,2.420001,2.5499995,2.5699992
2019-05-21,2.230001,2.2799995,2.3300004,2.420001,2.5499995,2.5699992,2.5099995
2019-05-22,2.2799995,2.3300004,2.420001,2.5499995,2.5699992,2.5099995,2.5299995
2019-05-23,2.3300004,2.420001,2.5499995,2.5699992,2.5099995,2.5299995,2.5000007
2019-05-24,2.420001,2.5499995,2.5699992,2.5099995,2.5299995,2.5000007,2.5000007
2019-05-28,2.5499995,2.5699992,2.5099995,2.5299995,2.5000007,2.5000007,2.670001
2019-05-29,2.5699992,2.5099995,2.5299995,2.5000007,2.5000007,2.670001,2.5899992
2019-05-30,2.5099995,2.5299995,2.5000007,2.5000007,2.670001,2.5899992,2.6200001
2019-05-31,2.5299995,2.5000007,2.5000007,2.670001,2.5899992,2.6200001,2.5600004
2019-06-03,2.5000007,2.5000007,2.670001,2.5899992,2.6200001,2.5600004,2.5899992
2019-06-04,2.5000007,2.670001,2.5899992,2.6200001,2.5600004,2.5899992,2.5800004
2019-06-05,2.670001,2.5899992,2.6200001,2.5600004,2.5899992,2.5800004,2.5400004
2019-06-06,2.5899992,2.6200001,2.5600004,2.5899992,2.5800004,2.5400004,2.5600004
2019-06-07,2.6200001,2.5600004,2.5899992,2.5800004,2.5400004,2.5600004,2.5499995
2019-06-10,2.5600004,2.5899992,2.5800004,2.5400004,2.5600004,2.5499995,2.6599998
2019-06-11,2.5899992,2.5800004,2.5400004,2.5600004,2.5499995,2.6599998,2.6200001
2019-06-12,2.5800004,2.5400004,2.5600004,2.5499995,2.6599998,2.6200001,2.6000001
2019-06-13,2.5400004,2.5600004,2.5499995,2.6599998,2.6200001,2.6000001,2.650001
2019-06-14,2.5600004,2.5499995,2.6599998,2.6200001,2.6000001,2.650001,2.5499995
2019-06-17,2.5499995,2.6599998,2.6200001,2.6000001,2.650001,2.5499995,2.3999991
2019-06-18,2.6599998,2.6200001,2.6000001,2.650001,2.5499995,2.3999991,2.3100004
2019-06-19,2.6200001,2.6000001,2.650001,2.5499995,2.3999991,2.3100004,2.2900007
2019-06-20,2.6000001,2.650001,2.5499995,2.3999991,2.3100004,2.2900007,2.3100004
2019-06-21,2.650001,2.5499995,2.3999991,2.3100004,2.2900007,2.3100004,2.2999995
2019-06-24,2.5499995,2.3999991,2.3100004,2.2900007,2.3100004,2.2999995,2.0899994
2019-06-25,2.3999991,2.3100004,2.2900007,2.3100004,2.2999995,2.0899994,2.0499995
2019-06-26,2.3100004,2.2900007,2.3100004,2.2999995,2.0899994,2.0499995,2.1400003
2019-06-27,2.2900007,2.3100004,2.2999995,2.0899994,2.0499995,2.1400003,2.2199998
2019-06-28,2.3100004,2.2999995,2.0899994,2.0499995,2.1400003,2.2199998,2.2500007
2019-07-01,2.2999995,2.0899994,2.0499995,2.1400003,2.2199998,2.2500007,2.2399998
2019-07-02,2.0899994,2.0499995,2.1400003,2.2199998,2.2500007,2.2399998,2.2999995
2019-07-03,2.0499995,2.1400003,2.2199998,2.2500007,2.2399998,2.2999995,2.2799995
2019-07-05,2.1400003,2.2199998,2.2500007,2.2399998,2.2999995,2.2799995,2.3500004
2019-07-08,2.2199998,2.2500007,2.2399998,2.2999995,2.2799995,2.3500004,2.3199995
2019-07-09,2.2500007,2.2399998,2.2999995,2.2799995,2.3500004,2.3199995,2.2999995
2019-07-10,2.2399998,2.2999995,2.2799995,2.3500004,2.3199995,2.2999995,2.2999995
2019-07-11,2.2999995,2.2799995,2.3500004,2.3199995,2.2999995,2.2999995,2.2900007
2019-07-12,2.2799995,2.3500004,2.3199995,2.2999995,2.2999995,2.2900007,2.2900007
2019-07-15,2.3500004,2.3199995,2.2999995,2.2999995,2.2900007,2.2900007,2.3300004
2019-07-16,2.3199995,2.2999995,2.2999995,2.2900007,2.2900007,2.3300004,2.3100004
2019-07-17,2.2999995,2.2999995,2.2900007,2.2900007,2.3300004,2.3100004,2.3300004
2019-07-18,2.2999995,2.2900007,2.2900007,2.3300004,2.3100004,2.3300004,2.3100004
2019-07-19,2.2900007,2.2900007,2.3300004,2.3100004,2.3300004,2.3100004,2.3100004
2019-07-22,2.2900007,2.3300004,2.3100004,2.3300004,2.3100004,2.3100004,2.2799995
2019-07-23,2.3300004,2.3100004,2.3300004,2.3100004,2.3100004,2.2799995,2.2500007
2019-07-24,2.3100004,2.3300004,2.3100004,2.3100004,2.2799995,2.2500007,2.2900007
2019-07-25,2.3300004,2.3100004,2.3100004,2.2799995,2.2500007,2.2900007,2.2700007
2019-07-26,2.3100004,2.3100004,2.2799995,2.2500007,2.2900007,2.2700007,2.2500007
2019-07-29,2.3100004,2.2799995,2.2500007,2.2900007,2.2700007,2.2500007,2.2500007
2019-07-30,2.2799995,2.2500007,2.2900007,2.2700007,2.2500007,2.2500007,2.2399998
2019-07-31,2.2500007,2.2900007,2.2700007,2.2500007,2.2500007,2.2399998,2.210001
2019-08-01,2.2900007,2.2700007,2.2500007,2.2500007,2.2399998,2.210001,2.1499991
2019-08-02,2.2700007,2.2500007,2.2500007,2.2399998,2.210001,2.1499991,2.1499991
2019-08-05,2.2500007,2.2500007,2.2399998,2.210001,2.1499991,2.1499991,2.1299992
2019-08-06,2.2500007,2.2399998,2.210001,2.1499991,2.1499991,2.1299992,2.1499991
2019-08-07,2.2399998,2.210001,2.1499991,2.1499991,2.1299992,2.1499991,2.1000004
2019-08-08,2.210001,2.1499991,2.1499991,2.1299992,2.1499991,2.1000004,2.1000004
2019-08-09,2.1499991,2.1499991,2.1299992,2.1499991,2.1000004,2.1000004,2.0899994
2019-08-12,2.1499991,2.1299992,2.1499991,2.1000004,2.1000004,2.0899994,2.0499995
2019-08-13,2.1299992,2.1499991,2.1000004,2.1000004,2.0899994,2.0499995,2.1099994
2019-08-14,2.1499991,2.1000004,2.1000004,2.0899994,2.0499995,2.1099994,2.0099998
2019-08-15,2.1000004,2.1000004,2.0899994,2.0499995,2.1099994,2.0099998,2.0099998
2019-08-16,2.1000004,2.0899994,2.0499995,2.1099994,2.0099998,2.0099998,2.0899994
2019-08-19,2.0899994,2.0499995,2.1099994,2.0099998,2.0099998,2.0899994,2.230001
2019-08-20,2.0499995,2.1099994,2.0099998,2.0099998,2.0899994,2.230001,2.210001
2019-08-21,2.1099994,2.0099998,2.0099998,2.0899994,2.230001,2.210001,2.2
2019-08-22,2.0099998,2.0099998,2.0899994,2.230001,2.210001,2.2,2.18
2019-08-23,2.0099998,2.0899994,2.230001,2.210001,2.2,2.18,2.1099994
2019-08-26,2.0899994,2.230001,2.210001,2.2,2.18,2.1099994,2.1499991
2019-08-27,2.230001,2.210001,2.2,2.18,2.1099994,2.1499991,2.1299992
2019-08-28,2.210001,2.2,2.18,2.1099994,2.1499991,2.1299992,2.1400003
2019-08-29,2.2,2.18,2.1099994,2.1499991,2.1299992,2.1400003,2.1699991
2019-08-30,2.18,2.1099994,2.1499991,2.1299992,2.1400003,2.1699991,2.1699991
2019-09-03,2.1099994,2.1499991,2.1299992,2.1400003,2.1699991,2.1699991,2.1400003
2019-09-04,2.1499991,2.1299992,2.1400003,2.1699991,2.1699991,2.1400003,2.1499991
2019-09-05,2.1299992,2.1400003,2.1699991,2.1699991,2.1400003,2.1499991,2.1699991
2019-09-06,2.1400003,2.1699991,2.1699991,2.1400003,2.1499991,2.1699991,2.2599998
2019-09-09,2.1699991,2.1699991,2.1400003,2.1499991,2.1699991,2.2599998,2.3300004
2019-09-10,2.1699991,2.1400003,2.1499991,2.1699991,2.2599998,2.3300004,2.4499998
2019-09-11,2.1400003,2.1499991,2.1699991,2.2599998,2.3300004,2.4499998,2.5000007
2019-09-12,2.1499991,2.1699991,2.2599998,2.3300004,2.4499998,2.5000007,2.5499995
2019-09-13,2.1699991,2.2599998,2.3300004,2.4499998,2.5000007,2.5499995,2.650001
2019-09-16,2.2599998,2.3300004,2.4499998,2.5000007,2.5499995,2.650001,2.7599995
2019-09-17,2.3300004,2.4499998,2.5000007,2.5499995,2.650001,2.7599995,2.7199998
2019-09-18,2.4499998,2.5000007,2.5499995,2.650001,2.7599995,2.7199998,2.8199992
2019-09-19,2.5000007,2.5499995,2.650001,2.7599995,2.7199998,2.8199992,2.8100004
2019-09-20,2.5499995,2.650001,2.7599995,2.7199998,2.8199992,2.8100004,2.7999992
2019-09-23,2.650001,2.7599995,2.7199998,2.8199992,2.8100004,2.7999992,2.7999992
2019-09-24,2.7599995,2.7199998,2.8199992,2.8100004,2.7999992,2.7999992,2.7199998
2019-09-25,2.7199998,2.8199992,2.8100004,2.7999992,2.7999992,2.7199998,2.6999998
2019-09-26,2.8199992,2.8100004,2.7999992,2.7999992,2.7199998,2.6999998,2.650001
2019-09-27,2.8100004,2.7999992,2.7999992,2.7199998,2.6999998,2.650001,2.5899992
2019-09-30,2.7999992,2.7999992,2.7199998,2.6999998,2.650001,2.5899992,2.629999
2019-10-01,2.7999992,2.7199998,2.6999998,2.650001,2.5899992,2.629999,2.5099995
2019-10-02,2.7199998,2.6999998,2.650001,2.5899992,2.629999,2.5099995,2.41
2019-10-03,2.6999998,2.650001,2.5899992,2.629999,2.5099995,2.41,2.3799992
2019-10-04,2.650001,2.5899992,2.629999,2.5099995,2.41,2.3799992,2.4499998
2019-10-07,2.5899992,2.629999,2.5099995,2.41,2.3799992,2.4499998,2.5400004
2019-10-08,2.629999,2.5099995,2.41,2.3799992,2.4499998,2.5400004,2.629999
2019-10-09,2.5099995,2.41,2.3799992,2.4499998,2.5400004,2.629999,2.6599998
2019-10-10,2.41,2.3799992,2.4499998,2.5400004,2.629999,2.6599998,2.6900008
2019-10-11,2.3799992,2.4499998,2.5400004,2.629999,2.6599998,2.6900008,2.6799998
2019-10-14,2.4499998,2.5400004,2.629999,2.6599998,2.6900008,2.6799998,2.7500007
2019-10-15,2.5400004,2.629999,2.6599998,2.6900008,2.6799998,2.7500007,2.7799995
2019-10-16,2.629999,2.6599998,2.6900008,2.6799998,2.7500007,2.7799995,2.7999992
2019-10-17,2.6599998,2.6900008,2.6799998,2.7500007,2.7799995,2.7999992,2.9400008
2019-10-18,2.6900008,2.6799998,2.7500007,2.7799995,2.7999992,2.9400008,3.0400004
2019-10-21,2.6799998,2.7500007,2.7799995,2.7999992,2.9400008,3.0400004,2.9200008
2019-10-22,2.7500007,2.7799995,2.7999992,2.9400008,3.0400004,2.9200008,2.900001
2019-10-23,2.7799995,2.7999992,2.9400008,3.0400004,2.9200008,2.900001,2.9699996
2019-10-24,2.7999992,2.9400008,3.0400004,2.9200008,2.900001,2.9699996,3.0499992
2019-10-25,2.9400008,3.0400004,2.9200008,2.900001,2.9699996,3.0499992,2.9800005
2019-10-28,3.0400004,2.9200008,2.900001,2.9699996,3.0499992,2.9800005,2.9200008
2019-10-29,2.9200008,2.900001,2.9699996,3.0499992,2.9800005,2.9200008,2.7500007
2019-10-30,2.900001,2.9699996,3.0499992,2.9800005,2.9200008,2.7500007,2.64
2019-10-31,2.9699996,3.0499992,2.9800005,2.9200008,2.7500007,2.64,2.650001
2019-11-01,3.0499992,2.9800005,2.9200008,2.7500007,2.64,2.650001,2.7799995
2019-11-04,2.9800005,2.9200008,2.7500007,2.64,2.650001,2.7799995,2.7900004
2019-11-05,2.9200008,2.7500007,2.64,2.650001,2.7799995,2.7900004,2.7700005
2019-11-06,2.7500007,2.64,2.650001,2.7799995,2.7900004,2.7700005,2.8500001
2019-11-07,2.64,2.650001,2.7799995,2.7900004,2.7700005,2.8500001,2.6599998
2019-11-08,2.650001,2.7799995,2.7900004,2.7700005,2.8500001,2.6599998,2.7300007
2019-11-11,2.7799995,2.7900004,2.7700005,2.8500001,2.6599998,2.7300007,2.9400008
2019-11-12,2.7900004,2.7700005,2.8500001,2.6599998,2.7300007,2.9400008,3.0699992
2019-11-13,2.7700005,2.8500001,2.6599998,2.7300007,2.9400008,3.0699992,3.3800008
2019-11-14,2.8500001,2.6599998,2.7300007,2.9400008,3.0699992,3.3800008,3.4200008
2019-11-15,2.6599998,2.7300007,2.9400008,3.0699992,3.3800008,3.4200008,3.4899993
2019-11-18,2.7300007,2.9400008,3.0699992,3.3800008,3.4200008,3.4899993,3.7500002
2019-11-19,2.9400008,3.0699992,3.3800008,3.4200008,3.4899993,3.7500002,3.3899999
2019-11-20,3.0699992,3.3800008,3.4200008,3.4899993,3.7500002,3.3899999,3.4800005
2019-11-21,3.3800008,3.4200008,3.4899993,3.7500002,3.3899999,3.4800005,3.37
2019-11-22,3.4200008,3.4899993,3.7500002,3.3899999,3.4800005,3.37,3.3800008
2019-11-25,3.4899993,3.7500002,3.3899999,3.4800005,3.37,3.3800008,3.6999993
2019-11-26,3.7500002,3.3899999,3.4800005,3.37,3.3800008,3.6999993,3.9000006
2019-11-27,3.3899999,3.4800005,3.37,3.3800008,3.6999993,3.9000006,4.0
2019-11-29,3.4800005,3.37,3.3800008,3.6999993,3.9000006,4.0,3.9000006
2019-12-02,3.37,3.3800008,3.6999993,3.9000006,4.0,3.9000006,3.8000011
2019-12-03,3.3800008,3.6999993,3.9000006,4.0,3.9000006,3.8000011,3.3800008
2019-12-04,3.6999993,3.9000006,4.0,3.9000006,3.8000011,3.3800008,3.2999992
2019-12-05,3.9000006,4.0,3.9000006,3.8000011,3.3800008,3.2999992,3.089999
2019-12-06,4.0,3.9000006,3.8000011,3.3800008,3.2999992,3.089999,3.1500008
2019-12-09,3.9000006,3.8000011,3.3800008,3.2999992,3.089999,3.1500008,3.0000005
2019-12-10,3.8000011,3.3800008,3.2999992,3.089999,3.1500008,3.0000005,3.0699992
2019-12-11,3.3800008,3.2999992,3.089999,3.1500008,3.0000005,3.0699992,3.2199996
2019-12-12,3.2999992,3.089999,3.1500008,3.0000005,3.0699992,3.2199996,3.1399999
2019-12-13,3.089999,3.1500008,3.0000005,3.0699992,3.2199996,3.1399999,3.089999
2019-12-16,3.1500008,3.0000005,3.0699992,3.2199996,3.1399999,3.089999,3.1700008
2019-12-17,3.0000005,3.0699992,3.2199996,3.1399999,3.089999,3.1700008,3.0699992
2019-12-18,3.0699992,3.2199996,3.1399999,3.089999,3.1700008,3.0699992,2.900001
2019-12-19,3.2199996,3.1399999,3.089999,3.1700008,3.0699992,2.900001,2.9299998
2019-12-20,3.1399999,3.089999,3.1700008,3.0699992,2.900001,2.9299998,2.9400008
2019-12-23,3.089999,3.1700008,3.0699992,2.900001,2.9299998,2.9400008,2.9600008
2019-12-24,3.1700008,3.0699992,2.900001,2.9299998,2.9400008,2.9600008,3.110001
2019-12-26,3.0699992,2.900001,2.9299998,2.9400008,2.9600008,3.110001,3.1500008
2019-12-27,2.900001,2.9299998,2.9400008,2.9600008,3.110001,3.1500008,3.0800002
2019-12-30,2.9299998,2.9400008,2.9600008,3.110001,3.1500008,3.0800002,3.0800002
2019-12-31,2.9400008,2.9600008,3.110001,3.1500008,3.0800002,3.0800002,3.1599998
2020-01-02,2.9600008,3.110001,3.1500008,3.0800002,3.0800002,3.1599998,3.2399993
2020-01-03,3.110001,3.1500008,3.0800002,3.0800002,3.1599998,3.2399993,3.2300005
2020-01-06,3.1500008,3.0800002,3.0800002,3.1599998,3.2399993,3.2300005,3.820001
2020-01-07,3.0800002,3.0800002,3.1599998,3.2399993,3.2300005,3.820001,3.81
2020-01-08,3.0800002,3.1599998,3.2399993,3.2300005,3.820001,3.81,4.08
2020-01-09,3.1599998,3.2399993,3.2300005,3.820001,3.81,4.08,4.050001
2020-01-10,3.2399993,3.2300005,3.820001,3.81,4.08,4.050001,4.1399994
2020-01-13,3.2300005,3.820001,3.81,4.08,4.050001,4.1399994,4.1
2020-01-14,3.820001,3.81,4.08,4.050001,4.1399994,4.1,4.04
2020-01-15,3.81,4.08,4.050001,4.1399994,4.1,4.04,4.1999993
2020-01-16,4.08,4.050001,4.1399994,4.1,4.04,4.1999993,4.1900005
2020-01-17,4.050001,4.1399994,4.1,4.04,4.1999993,4.1900005,4.1700006
2020-01-21,4.1399994,4.1,4.04,4.1999993,4.1900005,4.1700006,4.3200006
2020-01-22,4.1,4.04,4.1999993,4.1900005,4.1700006,4.3200006,4.050001
2020-01-23,4.04,4.1999993,4.1900005,4.1700006,4.3200006,4.050001,3.9299994
2020-01-24,4.1999993,4.1900005,4.1700006,4.3200006,4.050001,3.9299994,3.9000006
2020-01-27,4.1900005,4.1700006,4.3200006,4.050001,3.9299994,3.9000006,3.81
2020-01-28,4.1700006,4.3200006,4.050001,3.9299994,3.9000006,3.81,4.08
2020-01-29,4.3200006,4.050001,3.9299994,3.9000006,3.81,4.08,4.04
2020-01-30,4.050001,3.9299994,3.9000006,3.81,4.08,4.04,3.989999
2020-01-31,3.9299994,3.9000006,3.81,4.08,4.04,3.989999,3.8699996
2020-02-03,3.9000006,3.81,4.08,4.04,3.989999,3.8699996,3.8499997
2020-02-04,3.81,4.08,4.04,3.989999,3.8699996,3.8499997,4.0900006
2020-02-05,4.08,4.04,3.989999,3.8699996,3.8499997,4.0900006,4.1300006
2020-02-06,4.04,3.989999,3.8699996,3.8499997,4.0900006,4.1300006,4.25
2020-02-07,3.989999,3.8699996,3.8499997,4.0900006,4.1300006,4.25,4.25
2020-02-10,3.8699996,3.8499997,4.0900006,4.1300006,4.25,4.25,4.3800006
2020-02-11,3.8499997,4.0900006,4.1300006,4.25,4.25,4.3800006,4.4099994
2020-02-12,4.0900006,4.1300006,4.25,4.25,4.3800006,4.4099994,4.48
2020-02-13,4.1300006,4.25,4.25,4.3800006,4.4099994,4.48,4.46
2020-02-14,4.25,4.25,4.3800006,4.4099994,4.48,4.46,4.4200006
2020-02-18,4.25,4.3800006,4.4099994,4.48,4.46,4.4200006,4.8499994
2020-02-19,4.3800006,4.4099994,4.48,4.46,4.4200006,4.8499994,5.7200007
2020-02-20,4.4099994,4.48,4.46,4.4200006,4.8499994,5.7200007,5.5100007
2020-02-21,4.48,4.46,4.4200006,4.8499994,5.7200007,5.5100007,5.57
2020-02-24,4.46,4.4200006,4.8499994,5.7200007,5.5100007,5.57,5.2000012
2020-02-25,4.4200006,4.8499994,5.7200007,5.5100007,5.57,5.2000012,4.8299994
2020-02-26,4.8499994,5.7200007,5.5100007,5.57,5.2000012,4.8299994,4.75
2020-02-27,5.7200007,5.5100007,5.57,5.2000012,4.8299994,4.75,4.04
2020-02-28,5.5100007,5.57,5.2000012,4.8299994,4.75,4.04,4.3400006
2020-03-02,5.57,5.2000012,4.8299994,4.75,4.04,4.3400006,4.3600006
2020-03-03,5.2000012,4.8299994,4.75,4.04,4.3400006,4.3600006,4.510001
2020-03-04,4.8299994,4.75,4.04,4.3400006,4.3600006,4.510001,4.7600007
2020-03-05,4.75,4.04,4.3400006,4.3600006,4.510001,4.7600007,4.54
2020-03-06,4.04,4.3400006,4.3600006,4.510001,4.7600007,4.54,4.33
2020-03-09,4.3400006,4.3600006,4.510001,4.7600007,4.54,4.33,3.9299994
2020-03-10,4.3600006,4.510001,4.7600007,4.54,4.33,3.9299994,4.1399994
2020-03-11,4.510001,4.7600007,4.54,4.33,3.9299994,4.1399994,3.779999
2020-03-12,4.7600007,4.54,4.33,3.9299994,4.1399994,3.779999,3.2700002
2020-03-13,4.54,4.33,3.9299994,4.1399994,3.779999,3.2700002,3.3800008
2020-03-16,4.33,3.9299994,4.1399994,3.779999,3.2700002,3.3800008,2.7599995
2020-03-17,3.9299994,4.1399994,3.779999,3.2700002,3.3800008,2.7599995,3.2799993
2020-03-18,4.1399994,3.779999,3.2700002,3.3800008,2.7599995,3.2799993,2.8300002
2020-03-19,3.779999,3.2700002,3.3800008,2.7599995,3.2799993,2.8300002,3.12
2020-03-20,3.2700002,3.3800008,2.7599995,3.2799993,2.8300002,3.12,3.319999
2020-03-23,3.3800008,2.7599995,3.2799993,2.8300002,3.12,3.319999,3.4200008
2020-03-24,2.7599995,3.2799993,2.8300002,3.12,3.319999,3.4200008,3.7300003
2020-03-25,3.2799993,2.8300002,3.12,3.319999,3.4200008,3.7300003,3.8400009
2020-03-26,2.8300002,3.12,3.319999,3.4200008,3.7300003,3.8400009,3.81
2020-03-27,3.12,3.319999,3.4200008,3.7300003,3.8400009,3.81,3.7199993
2020-03-30,3.319999,3.4200008,3.7300003,3.8400009,3.81,3.7199993,3.58
2020-03-31,3.4200008,3.7300003,3.8400009,3.81,3.7199993,3.58,3.5400002
2020-04-01,3.7300003,3.8400009,3.81,3.7199993,3.58,3.5400002,3.3100002
2020-04-02,3.8400009,3.81,3.7199993,3.58,3.5400002,3.3100002,3.4000008
2020-04-03,3.81,3.7199993,3.58,3.5400002,3.3100002,3.4000008,3.35
2020-04-06,3.7199993,3.58,3.5400002,3.3100002,3.4000008,3.35,3.6900005
2020-04-07,3.58,3.5400002,3.3100002,3.4000008,3.35,3.6900005,3.6500008
2020-04-08,3.5400002,3.3100002,3.4000008,3.35,3.6900005,3.6500008,3.820001
2020-04-09,3.3100002,3.4000008,3.35,3.6900005,3.6500008,3.820001,3.820001
2020-04-13,3.4000008,3.35,3.6900005,3.6500008,3.820001,3.820001,4.1199994
2020-04-14,3.35,3.6900005,3.6500008,3.820001,3.820001,4.1199994,4.27
2020-04-15,3.6900005,3.6500008,3.820001,3.820001,4.1199994,4.27,4.1799994
2020-04-16,3.6500008,3.820001,3.820001,4.1199994,4.27,4.1799994,4.490001
2020-04-17,3.820001,3.820001,4.1199994,4.27,4.1799994,4.490001,4.52
2020-04-20,3.820001,4.1199994,4.27,4.1799994,4.490001,4.52,4.4200006
2020-04-21,4.1199994,4.27,4.1799994,4.490001,4.52,4.4200006,4.2199993
2020-04-22,4.27,4.1799994,4.490001,4.52,4.4200006,4.2199993,4.33
2020-04-23,4.1799994,4.490001,4.52,4.4200006,4.2199993,4.33,4.300001
2020-04-24,4.490001,4.52,4.4200006,4.2199993,4.33,4.300001,4.4000006
2020-04-27,4.52,4.4200006,4.2199993,4.33,4.300001,4.4000006,4.5
2020-04-28,4.4200006,4.2199993,4.33,4.300001,4.4000006,4.5,4.44
2020-04-29,4.2199993,4.33,4.300001,4.4000006,4.5,4.44,4.4200006
2020-04-30,4.33,4.300001,4.4000006,4.5,4.44,4.4200006,4.1799994
2020-05-01,4.300001,4.4000006,4.5,4.44,4.4200006,4.1799994,3.9200006
2020-05-04,4.4000006,4.5,4.44,4.4200006,4.1799994,3.9200006,4.0900006
2020-05-05,4.5,4.44,4.4200006,4.1799994,3.9200006,4.0900006,4.1700006
2020-05-06,4.44,4.4200006,4.1799994,3.9200006,4.0900006,4.1700006,4.1700006
2020-05-07,4.4200006,4.1799994,3.9200006,4.0900006,4.1700006,4.1700006,4.3699994
2020-05-08,4.1799994,3.9200006,4.0900006,4.1700006,4.1700006,4.3699994,4.5500007
2020-05-11,3.9200006,4.0900006,4.1700006,4.1700006,4.3699994,4.5500007,4.31
2020-05-12,4.0900006,4.1700006,4.1700006,4.3699994,4.5500007,4.31,4.280001
2020-05-13,4.1700006,4.1700006,4.3699994,4.5500007,4.31,4.280001,4.1100006
2020-05-14,4.1700006,4.3699994,4.5500007,4.31,4.280001,4.1100006,4.06
2020-05-15,4.3699994,4.5500007,4.31,4.280001,4.1100006,4.06,4.08
2020-05-18,4.5500007,4.31,4.280001,4.1100006,4.06,4.08,4.1700006
2020-05-19,4.31,4.280001,4.1100006,4.06,4.08,4.1700006,4.1700006
2020-05-20,4.280001,4.1100006,4.06,4.08,4.1700006,4.1700006,4.2199993
2020-05-21,4.1100006,4.06,4.08,4.1700006,4.1700006,4.2199993,4.1700006
2020-05-22,4.06,4.08,4.1700006,4.1700006,4.2199993,4.1700006,4.1100006
2020-05-26,4.08,4.1700006,4.1700006,4.2199993,4.1700006,4.1100006,4.2199993
2020-05-27,4.1700006,4.1700006,4.2199993,4.1700006,4.1100006,4.2199993,4.33
2020-05-28,4.1700006,4.2199993,4.1700006,4.1100006,4.2199993,4.33,4.25
2020-05-29,4.2199993,4.1700006,4.1100006,4.2199993,4.33,4.25,4.21
2020-06-01,4.1700006,4.1100006,4.2199993,4.33,4.25,4.21,4.280001
2020-06-02,4.1100006,4.2199993,4.33,4.25,4.21,4.280001,4.1500006
2020-06-03,4.2199993,4.33,4.25,4.21,4.280001,4.1500006,4.1700006
2020-06-04,4.33,4.25,4.21,4.280001,4.1500006,4.1700006,5.0
2020-06-05,4.25,4.21,4.280001,4.1500006,4.1700006,5.0,4.8800006
2020-06-08,4.21,4.280001,4.1500006,4.1700006,5.0,4.8800006,5.2800007
2020-06-09,4.280001,4.1500006,4.1700006,5.0,4.8800006,5.2800007,5.0999994
2020-06-10,4.1500006,4.1700006,5.0,4.8800006,5.2800007,5.0999994,5.660001
2020-06-11,4.1700006,5.0,4.8800006,5.2800007,5.0999994,5.660001,4.75
2020-06-12,5.0,4.8800006,5.2800007,5.0999994,5.660001,4.75,5.0599995
2020-06-15,4.8800006,5.2800007,5.0999994,5.660001,4.75,5.0599995,5.21
2020-06-16,5.2800007,5.0999994,5.660001,4.75,5.0599995,5.21,5.450001
2020-06-17,5.0999994,5.660001,4.75,5.0599995,5.21,5.450001,5.2899995
2020-06-18,5.660001,4.75,5.0599995,5.21,5.450001,5.2899995,5.389999
2020-06-19,4.75,5.0599995,5.21,5.450001,5.2899995,5.389999,5.4799995
2020-06-22,5.0599995,5.21,5.450001,5.2899995,5.389999,5.4799995,5.57
2020-06-23,5.21,5.450001,5.2899995,5.389999,5.4799995,5.57,6.430001
2020-06-24,5.450001,5.2899995,5.389999,5.4799995,5.57,6.430001,7.5699997
2020-06-25,5.2899995,5.389999,5.4799995,5.57,6.430001,7.5699997,7.350001
2020-06-26,5.389999,5.4799995,5.57,6.430001,7.5699997,7.350001,6.830001
2020-06-29,5.4799995,5.57,6.430001,7.5699997,7.350001,6.830001,7.99
2020-06-30,5.57,6.430001,7.5699997,7.350001,6.830001,7.99,8.210001
2020-07-01,6.430001,7.5699997,7.350001,6.830001,7.99,8.210001,8.87
2020-07-02,7.5699997,7.350001,6.830001,7.99,8.210001,8.87,9.099999
2020-07-06,7.350001,6.830001,7.99,8.210001,8.87,9.099999,9.98
2020-07-07,6.830001,7.99,8.210001,8.87,9.099999,9.98,9.34
2020-07-08,7.99,8.210001,8.87,9.099999,9.98,9.34,9.5
2020-07-09,8.210001,8.87,9.099999,9.98,9.34,9.5,8.95
2020-07-10,8.87,9.099999,9.98,9.34,9.5,8.95,9.299998
2020-07-13,9.099999,9.98,9.34,9.5,8.95,9.299998,8.31
2020-07-14,9.98,9.34,9.5,8.95,9.299998,8.31,8.650001
2020-07-15,9.34,9.5,8.95,9.299998,8.31,8.650001,9.04
2020-07-16,9.5,8.95,9.299998,8.31,8.650001,9.04,9.059999
2020-07-17,8.95,9.299998,8.31,8.650001,9.04,9.059999,8.99
2020-07-20,9.299998,8.31,8.650001,9.04,9.059999,8.99,8.6
2020-07-21,8.31,8.650001,9.04,9.059999,8.99,8.6,9.08
2020-07-22,8.650001,9.04,9.059999,8.99,8.6,9.08,8.95
2020-07-23,9.04,9.059999,8.99,8.6,9.08,8.95,8.53
2020-07-24,9.059999,8.99,8.6,9.08,8.95,8.53,8.52
2020-07-27,8.99,8.6,9.08,8.95,8.53,8.52,8.35
2020-07-28,8.6,9.08,8.95,8.53,8.52,8.35,8.06
2020-07-29,9.08,8.95,8.53,8.52,8.35,8.06,8.1900015
2020-07-30,8.95,8.53,8.52,8.35,8.06,8.1900015,7.97
2020-07-31,8.53,8.52,8.35,8.06,8.1900015,7.97,7.709999
2020-08-03,8.52,8.35,8.06,8.1900015,7.97,7.709999,9.159999
2020-08-04,8.35,8.06,8.1900015,7.97,7.709999,9.159999,9.13
2020-08-05,8.06,8.1900015,7.97,7.709999,9.159999,9.13,9.33
2020-08-06,8.1900015,7.97,7.709999,9.159999,9.13,9.33,10.73
2020-08-07,7.97,7.709999,9.159999,9.13,9.33,10.73,11.28
2020-08-10,7.709999,9.159999,9.13,9.33,10.73,11.28,12.039999
2020-08-11,9.159999,9.13,9.33,10.73,11.28,12.039999,11.305
2020-08-12,9.13,9.33,10.73,11.28,12.039999,11.305,10.63
2020-08-13,9.33,10.73,11.28,12.039999,11.305,10.63,11.36
2020-08-14,10.73,11.28,12.039999,11.305,10.63,11.36,11.4
2020-08-17,11.28,12.039999,11.305,10.63,11.36,11.4,12.2
2020-08-18,12.039999,11.305,10.63,11.36,11.4,12.2,12.769999
2020-08-19,11.305,10.63,11.36,11.4,12.2,12.769999,13.649999
2020-08-20,10.63,11.36,11.4,12.2,12.769999,13.649999,13.669998
2020-08-21,11.36,11.4,12.2,12.769999,13.649999,13.669998,12.93
2020-08-24,11.4,12.2,12.769999,13.649999,13.669998,12.93,12.339999
2020-08-25,12.2,12.769999,13.649999,13.669998,12.93,12.339999,12.85
2020-08-26,12.769999,13.649999,13.669998,12.93,12.339999,12.85,13.049999
2020-08-27,13.649999,13.669998,12.93,12.339999,12.85,13.049999,12.99
2020-08-28,13.669998,12.93,12.339999,12.85,13.049999,12.99,13.07
2020-08-31,12.93,12.339999,12.85,13.049999,12.99,13.07,12.979999
2020-09-01,12.339999,12.85,13.049999,12.99,13.07,12.979999,14.129998
2020-09-02,12.85,13.049999,12.99,13.07,12.979999,14.129998,13.14
2020-09-03,13.049999,12.99,13.07,12.979999,14.129998,13.14,11.55
2020-09-04,12.99,13.07,12.979999,14.129998,13.14,11.55,11.76
2020-09-08,13.07,12.979999,14.129998,13.14,11.55,11.76,11.729999
2020-09-09,12.979999,14.129998,13.14,11.55,11.76,11.729999,12.129999
2020-09-10,14.129998,13.14,11.55,11.76,11.729999,12.129999,12.120001
2020-09-11,13.14,11.55,11.76,11.729999,12.129999,12.120001,11.709999
2020-09-14,11.55,11.76,11.729999,12.129999,12.120001,11.709999,12.24
2020-09-15,11.76,11.729999,12.129999,12.120001,11.709999,12.24,12.53
2020-09-16,11.729999,12.129999,12.120001,11.709999,12.24,12.53,12.939999
2020-09-17,12.129999,12.120001,11.709999,12.24,12.53,12.939999,12.839999
2020-09-18,12.120001,11.709999,12.24,12.53,12.939999,12.839999,13.56
2020-09-21,11.709999,12.24,12.53,12.939999,12.839999,13.56,13.359999
2020-09-22,12.24,12.53,12.939999,12.839999,13.56,13.359999,12.93
2020-09-23,12.53,12.939999,12.839999,13.56,13.359999,12.93,12.075
2020-09-24,12.939999,12.839999,13.56,13.359999,12.93,12.075,11.240001
2020-09-25,12.839999,13.56,13.359999,12.93,12.075,11.240001,11.65
2020-09-28,13.56,13.359999,12.93,12.075,11.240001,11.65,13.2
2020-09-29,13.359999,12.93,12.075,11.240001,11.65,13.2,13.16
2020-09-30,12.93,12.075,11.240001,11.65,13.2,13.16,13.41
2020-10-01,12.075,11.240001,11.65,13.2,13.16,13.41,13.995
2020-10-02,11.240001,11.65,13.2,13.16,13.41,13.995,14.139999
2020-10-05,11.65,13.2,13.16,13.41,13.995,14.139999,15.739999
2020-10-06,13.2,13.16,13.41,13.995,14.139999,15.739999,16.23
2020-10-07,13.16,13.41,13.995,14.139999,15.739999,16.23,18.225002
2020-10-08,13.41,13.995,14.139999,15.739999,16.23,18.225002,17.88
2020-10-09,13.995,14.139999,15.739999,16.23,18.225002,17.88,18.43
2020-10-12,14.139999,15.739999,16.23,18.225002,17.88,18.43,17.640001
2020-10-13,15.739999,16.23,18.225002,17.88,18.43,17.640001,17.099998
2020-10-14,16.23,18.225002,17.88,18.43,17.640001,17.099998,17.3
2020-10-15,18.225002,17.88,18.43,17.640001,17.099998,17.3,17.03
2020-10-16,17.88,18.43,17.640001,17.099998,17.3,17.03,16.269999
2020-10-19,18.43,17.640001,17.099998,17.3,17.03,16.269999,16.39
2020-10-20,17.640001,17.099998,17.3,17.03,16.269999,16.39,16.284998
2020-10-21,17.099998,17.3,17.03,16.269999,16.39,16.284998,14.859999
2020-10-22,17.3,17.03,16.269999,16.39,16.284998,14.859999,14.96
2020-10-23,17.03,16.269999,16.39,16.284998,14.859999,14.96,15.029999
2020-10-26,16.269999,16.39,16.284998,14.859999,14.96,15.029999,14.455
2020-10-27,16.39,16.284998,14.859999,14.96,15.029999,14.455,14.784999
2020-10-28,16.284998,14.859999,14.96,15.029999,14.455,14.784999,14.799998
2020-10-29,14.859999,14.96,15.029999,14.455,14.784999,14.799998,14.809999
2020-10-30,14.96,15.029999,14.455,14.784999,14.799998,14.809999,14.0
2020-11-02,15.029999,14.455,14.784999,14.799998,14.809999,14.0,15.469998
2020-11-03,14.455,14.784999,14.799998,14.809999,14.0,15.469998,16.95
2020-11-04,14.784999,14.799998,14.809999,14.0,15.469998,16.95,16.61
2020-11-05,14.799998,14.809999,14.0,15.469998,16.95,16.61,18.835
2020-11-06,14.809999,14.0,15.469998,16.95,16.61,18.835,18.86
2020-11-09,14.0,15.469998,16.95,16.61,18.835,18.86,20.310001
2020-11-10,15.469998,16.95,16.61,18.835,18.86,20.310001,20.01
2020-11-11,16.95,16.61,18.835,18.86,20.310001,20.01,23.0
2020-11-12,16.61,18.835,18.86,20.310001,20.01,23.0,23.449999
2020-11-13,18.835,18.86,20.310001,20.01,23.0,23.449999,23.429998
2020-11-16,18.86,20.310001,20.01,23.0,23.449999,23.429998,25.0
2020-11-17,20.310001,20.01,23.0,23.449999,23.429998,25.0,22.98
2020-11-18,20.01,23.0,23.449999,23.429998,25.0,22.98,23.22
2020-11-19,23.0,23.449999,23.429998,25.0,22.98,23.22,23.789999
2020-11-20,23.449999,23.429998,25.0,22.98,23.22,23.789999,24.36
2020-11-23,23.429998,25.0,22.98,23.22,23.789999,24.36,26.87
2020-11-24,25.0,22.98,23.22,23.789999,24.36,26.87,26.72
2020-11-25,22.98,23.22,23.789999,24.36,26.87,26.72,26.16
2020-11-27,23.22,23.789999,24.36,26.87,26.72,26.16,26.24
2020-11-30,23.789999,24.36,26.87,26.72,26.16,26.24,26.390001
2020-12-01,24.36,26.87,26.72,26.16,26.24,26.390001,24.470001
2020-12-02,26.87,26.72,26.16,26.24,26.390001,24.470001,24.07
2020-12-03,26.72,26.16,26.24,26.390001,24.470001,24.07,23.85
2020-12-04,26.16,26.24,26.390001,24.470001,24.07,23.85,24.849998
2020-12-07,26.24,26.390001,24.470001,24.07,23.85,24.849998,24.75
2020-12-08,26.390001,24.470001,24.07,23.85,24.849998,24.75,28.74
2020-12-09,24.470001,24.07,23.85,24.849998,24.75,28.74,26.74
2020-12-10,24.07,23.85,24.849998,24.75,28.74,26.74,27.189999
2020-12-11,23.85,24.849998,24.75,28.74,26.74,27.189999,26.77
2020-12-14,24.849998,24.75,28.74,26.74,27.189999,26.77,25.7
2020-12-15,24.75,28.74,26.74,27.189999,26.77,25.7,28.47
2020-12-16,28.74,26.74,27.189999,26.77,25.7,28.47,28.460001
2020-12-17,26.74,27.189999,26.77,25.7,28.47,28.460001,30.57
2020-12-18,27.189999,26.77,25.7,28.47,28.460001,30.57,31.625
2020-12-21,26.77,25.7,28.47,28.460001,30.57,31.625,32.37
2020-12-22,25.7,28.47,28.460001,30.57,31.625,32.37,35.69
2020-12-23,28.47,28.460001,30.57,31.625,32.37,35.69,36.140003
2020-12-24,28.460001,30.57,31.625,32.37,35.69,36.140003,35.579998
2020-12-28,30.57,31.625,32.37,35.69,36.140003,35.579998,33.57
2020-12-29,31.625,32.37,35.69,36.140003,35.579998,33.57,32.46
2020-12-30,32.37,35.69,36.140003,35.579998,33.57,32.46,34.190002
2020-12-31,35.69,36.140003,35.579998,33.57,32.46,34.190002,33.91
2021-01-04,36.140003,35.579998,33.57,32.46,34.190002,33.91,32.17
2021-01-05,35.579998,33.57,32.46,34.190002,33.91,32.17,32.55
2021-01-06,33.57,32.46,34.190002,33.91,32.17,32.55,35.0
2021-01-07,32.46,34.190002,33.91,32.17,32.55,35.0,47.29
2021-01-08,34.190002,33.91,32.17,32.55,35.0,47.29,53.774998
2021-01-11,33.91,32.17,32.55,35.0,47.29,53.774998,53.969997
2021-01-12,32.17,32.55,35.0,47.29,53.774998,53.969997,66.02
2021-01-13,32.55,35.0,47.29,53.774998,53.969997,66.02,69.5
2021-01-14,35.0,47.29,53.774998,53.969997,66.02,69.5,66.54
2021-01-15,47.29,53.774998,53.969997,66.02,69.5,66.54,60.14
2021-01-19,53.774998,53.969997,66.02,69.5,66.54,60.14,66.47
2021-01-20,53.969997,66.02,69.5,66.54,60.14,66.47,62.5
2021-01-21,66.02,69.5,66.54,60.14,66.47,62.5,63.690002
2021-01-22,69.5,66.54,60.14,66.47,62.5,63.690002,66.87
2021-01-25,66.54,60.14,66.47,62.5,63.690002,66.87,65.72
2021-01-26,60.14,66.47,62.5,63.690002,66.87,65.72,73.18
2021-01-27,66.47,62.5,63.690002,66.87,65.72,73.18,64.42
2021-01-28,62.5,63.690002,66.87,65.72,73.18,64.42,65.28
2021-01-29,63.690002,66.87,65.72,73.18,64.42,65.28,63.17
2021-02-01,66.87,65.72,73.18,64.42,65.28,63.17,63.85
2021-02-02,65.72,73.18,64.42,65.28,63.17,63.85,64.25
2021-02-03,73.18,64.42,65.28,63.17,63.85,64.25,67.38
2021-02-04,64.42,65.28,63.17,63.85,64.25,67.38,67.67
2021-02-05,65.28,63.17,63.85,64.25,67.38,67.67,65.77
2021-02-08,63.17,63.85,64.25,67.38,67.67,65.77,66.19
2021-02-09,63.85,64.25,67.38,67.67,65.77,66.19,67.479996
2021-02-10,64.25,67.38,67.67,65.77,66.19,67.479996,64.329994
2021-02-11,67.38,67.67,65.77,66.19,67.479996,64.329994,63.99
2021-02-12,67.67,65.77,66.19,67.479996,64.329994,63.99,63.190002
2021-02-16,65.77,66.19,67.479996,64.329994,63.99,63.190002,59.0
2021-02-17,66.19,67.479996,64.329994,63.99,63.190002,59.0,56.23
2021-02-18,67.479996,64.329994,63.99,63.190002,59.0,56.23,50.23
2021-02-19,64.329994,63.99,63.190002,59.0,56.23,50.23,55.89
2021-02-22,63.99,63.190002,59.0,56.23,50.23,55.89,48.600002
2021-02-23,63.190002,59.0,56.23,50.23,55.89,48.600002,46.58
2021-02-24,59.0,56.23,50.23,55.89,48.600002,46.58,50.16
2021-02-25,56.23,50.23,55.89,48.600002,46.58,50.16,43.339996
2021-02-26,50.23,55.89,48.600002,46.58,50.16,43.339996,48.38
2021-03-01,55.89,48.600002,46.58,50.16,43.339996,48.38,52.46
2021-03-02,48.600002,46.58,50.16,43.339996,48.38,52.46,48.78
2021-03-03,46.58,50.16,43.339996,48.38,52.46,48.78,43.809998
2021-03-04,50.16,43.339996,48.38,52.46,48.78,43.809998,40.02
2021-03-05,43.339996,48.38,52.46,48.78,43.809998,40.02,39.3
2021-03-08,48.38,52.46,48.78,43.809998,40.02,39.3,38.11
2021-03-09,52.46,48.78,43.809998,40.02,39.3,38.11,42.32
2021-03-10,48.78,43.809998,40.02,39.3,38.11,42.32,42.83
2021-03-11,43.809998,40.02,39.3,38.11,42.32,42.83,48.16
2021-03-12,40.02,39.3,38.11,42.32,42.83,48.16,47.25
2021-03-15,39.3,38.11,42.32,42.83,48.16,47.25,46.46
2021-03-16,38.11,42.32,42.83,48.16,47.25,46.46,42.68
2021-03-17,42.32,42.83,48.16,47.25,46.46,42.68,39.329998
2021-03-18,42.83,48.16,47.25,46.46,42.68,39.329998,36.359997
2021-03-19,48.16,47.25,46.46,42.68,39.329998,36.359997,38.280003
2021-03-22,47.25,46.46,42.68,39.329998,36.359997,38.280003,38.91
2021-03-23,46.46,42.68,39.329998,36.359997,38.280003,38.91,36.79
2021-03-24,42.68,39.329998,36.359997,38.280003,38.91,36.79,33.2
2021-03-25,39.329998,36.359997,38.280003,38.91,36.79,33.2,34.1
2021-03-26,36.359997,38.280003,38.91,36.79,33.2,34.1,34.03
2021-03-29,38.280003,38.91,36.79,33.2,34.1,34.03,30.78
2021-03-30,38.91,36.79,33.2,34.1,34.03,30.78,34.04
2021-03-31,36.79,33.2,34.1,34.03,30.78,34.04,35.84
2021-04-01,33.2,34.1,34.03,30.78,34.04,35.84,35.26
2021-04-05,34.1,34.03,30.78,34.04,35.84,35.26,33.44
2021-04-06,34.03,30.78,34.04,35.84,35.26,33.44,34.670002
2021-04-07,30.78,34.04,35.84,35.26,33.44,34.670002,31.96
2021-04-08,34.04,35.84,35.26,33.44,34.670002,31.96,32.62
2021-04-09,35.84,35.26,33.44,34.670002,31.96,32.62,32.3
2021-04-12,35.26,33.44,34.670002,31.96,32.62,32.3,29.679998
2021-04-13,33.44,34.670002,31.96,32.62,32.3,29.679998,29.289999
2021-04-14,34.670002,31.96,32.62,32.3,29.679998,29.289999,28.39
2021-04-15,31.96,32.62,32.3,29.679998,29.289999,28.39,26.09
2021-04-16,32.62,32.3,29.679998,29.289999,28.39,26.09,27.24
2021-04-19,32.3,29.679998,29.289999,28.39,26.09,27.24,25.24
2021-04-20,29.679998,29.289999,28.39,26.09,27.24,25.24,25.25
2021-04-21,29.289999,28.39,26.09,27.24,25.24,25.25,27.14
2021-04-22,28.39,26.09,27.24,25.24,25.25,27.14,26.499998
2021-04-23,26.09,27.24,25.24,25.25,27.14,26.499998,27.980001
2021-04-26,27.24,25.24,25.25,27.14,26.499998,27.980001,29.289999
2021-04-27,25.24,25.25,27.14,26.499998,27.980001,29.289999,28.55
2021-04-28,25.25,27.14,26.499998,27.980001,29.289999,28.55,28.859999
2021-04-29,27.14,26.499998,27.980001,29.289999,28.55,28.859999,28.27
2021-04-30,26.499998,27.980001,29.289999,28.55,28.859999,28.27,28.509998
2021-05-03,27.980001,29.289999,28.55,28.859999,28.27,28.509998,26.63
2021-05-04,29.289999,28.55,28.859999,28.27,28.509998,26.63,24.599998
2021-05-05,28.55,28.859999,28.27,28.509998,26.63,24.599998,24.289999
2021-05-06,28.859999,28.27,28.509998,26.63,24.599998,24.289999,22.56
2021-05-07,28.27,28.509998,26.63,24.599998,24.289999,22.56,23.050001
2021-05-10,28.509998,26.63,24.599998,24.289999,22.56,23.050001,20.07
2021-05-11,26.63,24.599998,24.289999,22.56,23.050001,20.07,23.6
2021-05-12,24.599998,24.289999,22.56,23.050001,20.07,23.6,22.24
2021-05-13,24.289999,22.56,23.050001,20.07,23.6,22.24,21.960001
2021-05-14,22.56,23.050001,20.07,23.6,22.24,21.960001,24.58
2021-05-17,23.050001,20.07,23.6,22.24,21.960001,24.58,24.94
2021-05-18,20.07,23.6,22.24,21.960001,24.58,24.94,27.02
2021-05-19,23.6,22.24,21.960001,24.58,24.94,27.02,27.47
2021-05-20,22.24,21.960001,24.58,24.94,27.02,27.47,27.47
2021-05-21,21.960001,24.58,24.94,27.02,27.47,27.47,27.89
2021-05-24,24.58,24.94,27.02,27.47,27.47,27.89,27.2
2021-05-25,24.94,27.02,27.47,27.47,27.89,27.2,27.81
2021-05-26,27.02,27.47,27.47,27.89,27.2,27.81,29.69
2021-05-27,27.47,27.47,27.89,27.2,27.81,29.69,29.929998
2021-05-28,27.47,27.89,27.2,27.81,29.69,29.929998,30.699999
2021-06-01,27.89,27.2,27.81,29.69,29.929998,30.699999,30.89
2021-06-02,27.2,27.81,29.69,29.929998,30.699999,30.89,30.69
2021-06-03,27.81,29.69,29.929998,30.699999,30.89,30.69,30.03
2021-06-04,29.69,29.929998,30.699999,30.89,30.69,30.03,30.58
2021-06-07,29.929998,30.699999,30.89,30.69,30.03,30.58,32.850002
2021-06-08,30.699999,30.89,30.69,30.03,30.58,32.850002,33.489998
2021-06-09,30.89,30.69,30.03,30.58,32.850002,33.489998,32.43
2021-06-10,30.69,30.03,30.58,32.850002,33.489998,32.43,31.49
2021-06-11,30.03,30.58,32.850002,33.489998,32.43,31.49,31.849998
2021-06-14,30.58,32.850002,33.489998,32.43,31.49,31.849998,30.57
2021-06-15,32.850002,33.489998,32.43,31.49,31.849998,30.57,29.199999
2021-06-16,33.489998,32.43,31.49,31.849998,30.57,29.199999,29.65
2021-06-17,32.43,31.49,31.849998,30.57,29.199999,29.65,29.85
2021-06-18,31.49,31.849998,30.57,29.199999,29.65,29.85,29.17
2021-06-21,31.849998,30.57,29.199999,29.65,29.85,29.17,29.85
2021-06-22,30.57,29.199999,29.65,29.85,29.17,29.85,34.02
2021-06-23,29.199999,29.65,29.85,29.17,29.85,34.02,33.82
2021-06-24,29.65,29.85,29.17,29.85,34.02,33.82,32.899998
2021-06-25,29.85,29.17,29.85,34.02,33.82,32.899998,31.849998
2021-06-28,29.17,29.85,34.02,33.82,32.899998,31.849998,34.14
2021-06-29,29.85,34.02,33.82,32.899998,31.849998,34.14,34.08
2021-06-30,34.02,33.82,32.899998,31.849998,34.14,34.08,34.190002
2021-07-01,33.82,32.899998,31.849998,34.14,34.08,34.190002,33.31
2021-07-02,32.899998,31.849998,34.14,34.08,34.190002,33.31,32.48
2021-07-06,31.849998,34.14,34.08,34.190002,33.31,32.48,32.86
2021-07-07,34.14,34.08,34.190002,33.31,32.48,32.86,30.17
2021-07-08,34.08,34.190002,33.31,32.48,32.86,30.17,29.83
2021-07-09,34.190002,33.31,32.48,32.86,30.17,29.83,29.39
2021-07-12,33.31,32.48,32.86,30.17,29.83,29.39,29.02
2021-07-13,32.48,32.86,30.17,29.83,29.39,29.02,27.82
2021-07-14,32.86,30.17,29.83,29.39,29.02,27.82,26.54
2021-07-15,30.17,29.83,29.39,29.02,27.82,26.54,26.78
2021-07-16,29.83,29.39,29.02,27.82,26.54,26.78,26.01
2021-07-19,29.39,29.02,27.82,26.54,26.78,26.01,26.0
2021-07-20,29.02,27.82,26.54,26.78,26.01,26.0,26.859999
2021-07-21,27.82,26.54,26.78,26.01,26.0,26.859999,28.05
2021-07-22,26.54,26.78,26.01,26.0,26.859999,28.05,27.33
2021-07-23,26.78,26.01,26.0,26.859999,28.05,27.33,26.810001
2021-07-26,26.01,26.0,26.859999,28.05,27.33,26.810001,27.07
2021-07-27,26.0,26.859999,28.05,27.33,26.810001,27.07,26.55
2021-07-28,26.859999,28.05,27.33,26.810001,27.07,26.55,27.83
2021-07-29,28.05,27.33,26.810001,27.07,26.55,27.83,27.2
2021-07-30,27.33,26.810001,27.07,26.55,27.83,27.2,27.279999
2021-08-02,26.810001,27.07,26.55,27.83,27.2,27.279999,26.62
2021-08-03,27.07,26.55,27.83,27.2,27.279999,26.62,26.49
2021-08-04,26.55,27.83,27.2,27.279999,26.62,26.49,25.890001
2021-08-05,27.83,27.2,27.279999,26.62,26.49,25.890001,26.0
2021-08-06,27.2,27.279999,26.62,26.49,25.890001,26.0,25.9
2021-08-09,27.279999,26.62,26.49,25.890001,26.0,25.9,28.18
2021-08-10,26.62,26.49,25.890001,26.0,25.9,28.18,29.1
2021-08-11,26.49,25.890001,26.0,25.9,28.18,29.1,27.4
2021-08-12,25.890001,26.0,25.9,28.18,29.1,27.4,26.41
2021-08-13,26.0,25.9,28.18,29.1,27.4,26.41,24.99
2021-08-16,25.9,28.18,29.1,27.4,26.41,24.99,25.099998
2021-08-17,28.18,29.1,27.4,26.41,24.99,25.099998,25.87
2021-08-18,29.1,27.4,26.41,24.99,25.099998,25.87,25.06
2021-08-19,27.4,26.41,24.99,25.099998,25.87,25.06,23.76
2021-08-20,26.41,24.99,25.099998,25.87,25.06,23.76,24.23
2021-08-23,24.99,25.099998,25.87,25.06,23.76,24.23,25.32
2021-08-24,25.099998,25.87,25.06,23.76,24.23,25.32,25.85
2021-08-25,25.87,25.06,23.76,24.23,25.32,25.85,26.41
2021-08-26,25.06,23.76,24.23,25.32,25.85,26.41,25.9
2021-08-27,23.76,24.23,25.32,25.85,26.41,25.9,26.6
2021-08-30,24.23,25.32,25.85,26.41,25.9,26.6,26.13
2021-08-31,25.32,25.85,26.41,25.9,26.6,26.13,26.060001
2021-09-01,25.85,26.41,25.9,26.6,26.13,26.060001,26.93
2021-09-02,26.41,25.9,26.6,26.13,26.060001,26.93,27.15
2021-09-03,25.9,26.6,26.13,26.060001,26.93,27.15,26.4
2021-09-07,26.6,26.13,26.060001,26.93,27.15,26.4,26.8
2021-09-08,26.13,26.060001,26.93,27.15,26.4,26.8,25.25
2021-09-09,26.060001,26.93,27.15,26.4,26.8,25.25,25.26
2021-09-10,26.93,27.15,26.4,26.8,25.25,25.26,24.16
2021-09-13,27.15,26.4,26.8,25.25,25.26,24.16,24.21
2021-09-14,26.4,26.8,25.25,25.26,24.16,24.21,24.660002
2021-09-15,26.8,25.25,25.26,24.16,24.21,24.660002,24.630001
2021-09-16,25.25,25.26,24.16,24.21,24.660002,24.630001,24.970001
2021-09-17,25.26,24.16,24.21,24.660002,24.630001,24.970001,26.47
2021-09-20,24.16,24.21,24.660002,24.630001,24.970001,26.47,25.720001
2021-09-21,24.21,24.660002,24.630001,24.970001,26.47,25.720001,26.080002
2021-09-22,24.660002,24.630001,24.970001,26.47,25.720001,26.080002,26.92
2021-09-23,24.630001,24.970001,26.47,25.720001,26.080002,26.92,27.77
2021-09-24,24.970001,26.47,25.720001,26.080002,26.92,27.77,26.97
2021-09-27,26.47,25.720001,26.080002,26.92,27.77,26.97,28.4
2021-09-28,25.720001,26.080002,26.92,27.77,26.97,28.4,26.83
2021-09-29,26.080002,26.92,27.77,26.97,28.4,26.83,25.19
2021-09-30,26.92,27.77,26.97,28.4,26.83,25.19,25.539999
2021-10-01,27.77,26.97,28.4,26.83,25.19,25.539999,25.57
2021-10-04,26.97,28.4,26.83,25.19,25.539999,25.57,24.32
2021-10-05,28.4,26.83,25.19,25.539999,25.57,24.32,24.369999
2021-10-06,26.83,25.19,25.539999,25.57,24.32,24.369999,24.599998
2021-10-07,25.19,25.539999,25.57,24.32,24.369999,24.599998,26.09
2021-10-08,25.539999,25.57,24.32,24.369999,24.599998,26.09,27.189999
2021-10-11,25.57,24.32,24.369999,24.599998,26.09,27.189999,27.65
2021-10-12,24.32,24.369999,24.599998,26.09,27.189999,27.65,29.779999
2021-10-13,24.369999,24.599998,26.09,27.189999,27.65,29.779999,33.59
2021-10-14,24.599998,26.09,27.189999,27.65,29.779999,33.59,31.81
2021-10-15,26.09,27.189999,27.65,29.779999,33.59,31.81,31.24
2021-10-18,27.189999,27.65,29.779999,33.59,31.81,31.24,32.59
2021-10-19,27.65,29.779999,33.59,31.81,31.24,32.59,33.44
2021-10-20,29.779999,33.59,31.81,31.24,32.59,33.44,32.92
2021-10-21,33.59,31.81,31.24,32.59,33.44,32.92,33.67
2021-10-22,31.81,31.24,32.59,33.44,32.92,33.67,32.7
2021-10-25,31.24,32.59,33.44,32.92,33.67,32.7,34.88
2021-10-26,32.59,33.44,32.92,33.67,32.7,34.88,34.170002
2021-10-27,33.44,32.92,33.67,32.7,34.88,34.170002,34.41
2021-10-28,32.92,33.67,32.7,34.88,34.170002,34.41,37.109997
2021-10-29,33.67,32.7,34.88,34.170002,34.41,37.109997,38.27
2021-11-01,32.7,34.88,34.170002,34.41,37.109997,38.27,41.65
2021-11-02,34.88,34.170002,34.41,37.109997,38.27,41.65,41.23
2021-11-03,34.170002,34.41,37.109997,38.27,41.65,41.23,40.039997
2021-11-04,34.41,37.109997,38.27,41.65,41.23,40.039997,40.23
2021-11-05,37.109997,38.27,41.65,41.23,40.039997,40.23,38.37
2021-11-08,38.27,41.65,41.23,40.039997,40.23,38.37,40.94
2021-11-09,41.65,41.23,40.039997,40.23,38.37,40.94,40.719997
2021-11-10,41.23,40.039997,40.23,38.37,40.94,40.719997,40.18
2021-11-11,40.039997,40.23,38.37,40.94,40.719997,40.18,43.44
2021-11-12,40.23,38.37,40.94,40.719997,40.18,43.44,43.14
2021-11-15,38.37,40.94,40.719997,40.18,43.44,43.14,41.82
2021-11-16,40.94,40.719997,40.18,43.44,43.14,41.82,43.11
2021-11-17,40.719997,40.18,43.44,43.14,41.82,43.11,41.99
2021-11-18,40.18,43.44,43.14,41.82,43.11,41.99,40.42
2021-11-19,43.44,43.14,41.82,43.11,41.99,40.42,44.550003
2021-11-22,43.14,41.82,43.11,41.99,40.42,44.550003,42.809998
2021-11-23,41.82,43.11,41.99,40.42,44.550003,42.809998,42.27
2021-11-24,43.11,41.99,40.42,44.550003,42.809998,42.27,42.91
2021-11-26,41.99,40.42,44.550003,42.809998,42.27,42.91,40.25
2021-11-29,40.42,44.550003,42.809998,42.27,42.91,40.25,41.620003
2021-11-30,44.550003,42.809998,42.27,42.91,40.25,41.620003,39.85
2021-12-01,42.809998,42.27,42.91,40.25,41.620003,39.85,36.71
2021-12-02,42.27,42.91,40.25,41.620003,39.85,36.71,36.42
2021-12-03,42.91,40.25,41.620003,39.85,36.71,36.42,33.46
2021-12-06,40.25,41.620003,39.85,36.71,36.42,33.46,34.05
2021-12-07,41.620003,39.85,36.71,36.42,33.46,34.05,36.42
2021-12-08,39.85,36.71,36.42,33.46,34.05,36.42,36.600002
2021-12-09,36.71,36.42,33.46,34.05,36.42,36.600002,34.420002
2021-12-10,36.42,33.46,34.05,36.42,36.600002,34.420002,33.22
2021-12-13,33.46,34.05,36.42,36.600002,34.420002,33.22,32.23
2021-12-14,34.05,36.42,36.600002,34.420002,33.22,32.23,30.550001
2021-12-15,36.42,36.600002,34.420002,33.22,32.23,30.550001,31.36
2021-12-16,36.600002,34.420002,33.22,32.23,30.550001,31.36,29.65
2021-12-17,34.420002,33.22,32.23,30.550001,31.36,29.65,29.75
2021-12-20,33.22,32.23,30.550001,31.36,29.65,29.75,27.33
2021-12-21,32.23,30.550001,31.36,29.65,29.75,27.33,28.960001
2021-12-22,30.550001,31.36,29.65,29.75,27.33,28.960001,28.880001
2021-12-23,31.36,29.65,29.75,27.33,28.960001,28.880001,29.4
2021-12-27,29.65,29.75,27.33,28.960001,28.880001,29.4,29.6
2021-12-28,29.75,27.33,28.960001,28.880001,29.4,29.6,28.33
2021-12-29,27.33,28.960001,28.880001,29.4,29.6,28.33,27.960001
2021-12-30,28.960001,28.880001,29.4,29.6,28.33,27.960001,28.839998
2021-12-31,28.880001,29.4,29.6,28.33,27.960001,28.839998,28.230001
2022-01-03,29.4,29.6,28.33,27.960001,28.839998,28.230001,28.79
2022-01-04,29.6,28.33,27.960001,28.839998,28.230001,28.79,28.150002
2022-01-05,28.33,27.960001,28.839998,28.230001,28.79,28.150002,26.269999
2022-01-06,27.960001,28.839998,28.230001,28.79,28.150002,26.269999,25.220001
2022-01-07,28.839998,28.230001,28.79,28.150002,26.269999,25.220001,24.96
2022-01-10,28.230001,28.79,28.150002,26.269999,25.220001,24.96,24.75
2022-01-11,28.79,28.150002,26.269999,25.220001,24.96,24.75,25.099998
2022-01-12,28.150002,26.269999,25.220001,24.96,24.75,25.099998,24.65
2022-01-13,26.269999,25.220001,24.96,24.75,25.099998,24.65,23.91
2022-01-14,25.220001,24.96,24.75,25.099998,24.65,23.91,23.44
2022-01-18,24.96,24.75,25.099998,24.65,23.91,23.44,22.83
2022-01-19,24.75,25.099998,24.65,23.91,23.44,22.83,20.99
2022-01-20,25.099998,24.65,23.91,23.44,22.83,20.99,21.6
2022-01-21,24.65,23.91,23.44,22.83,20.99,21.6,21.060001
2022-01-24,23.91,23.44,22.83,20.99,21.6,21.060001,20.7
2022-01-25,23.44,22.83,20.99,21.6,21.060001,20.7,19.73
2022-01-26,22.83,20.99,21.6,21.060001,20.7,19.73,19.470001
2022-01-27,20.99,21.6,21.060001,20.7,19.73,19.470001,18.26
2022-01-28,21.6,21.060001,20.7,19.73,19.470001,18.26,18.76
2022-01-31,21.060001,20.7,19.73,19.470001,18.26,18.76,21.87
2022-02-01,20.7,19.73,19.470001,18.26,18.76,21.87,22.900002
2022-02-02,19.73,19.470001,18.26,18.76,21.87,22.900002,21.84
2022-02-03,19.470001,18.26,18.76,21.87,22.900002,21.84,20.92
2022-02-04,18.26,18.76,21.87,22.900002,21.84,20.92,21.43
2022-02-07,18.76,21.87,22.900002,21.84,20.92,21.43,21.460001
2022-02-08,21.87,22.900002,21.84,20.92,21.43,21.460001,21.960001
2022-02-09,22.900002,21.84,20.92,21.43,21.460001,21.960001,23.0
2022-02-10,21.84,20.92,21.43,21.460001,21.960001,23.0,22.27
2022-02-11,20.92,21.43,21.460001,21.960001,23.0,22.27,21.29
2022-02-14,21.43,21.460001,21.960001,23.0,22.27,21.29,21.47
2022-02-15,21.460001,21.960001,23.0,22.27,21.29,21.47,23.77
2022-02-16,21.960001,23.0,22.27,21.29,21.47,23.77,23.9
2022-02-17,23.0,22.27,21.29,21.47,23.77,23.9,23.150002
2022-02-18,22.27,21.29,21.47,23.77,23.9,23.150002,22.07
2022-02-22,21.29,21.47,23.77,23.9,23.150002,22.07,20.74
2022-02-23,21.47,23.77,23.9,23.150002,22.07,20.74,19.81
2022-02-24,23.77,23.9,23.150002,22.07,20.74,19.81,21.87
2022-02-25,23.9,23.150002,22.07,20.74,19.81,21.87,22.59
2022-02-28,23.150002,22.07,20.74,19.81,21.87,22.59,25.289999
2022-03-01,22.07,20.74,19.81,21.87,22.59,25.289999,24.849998
2022-03-02,20.74,19.81,21.87,22.59,25.289999,24.849998,25.269999
2022-03-03,19.81,21.87,22.59,25.289999,24.849998,25.269999,23.72
2022-03-04,21.87,22.59,25.289999,24.849998,25.269999,23.72,23.070002
2022-03-07,22.59,25.289999,24.849998,25.269999,23.72,23.070002,23.24
2022-03-08,25.289999,24.849998,25.269999,23.72,23.070002,23.24,25.580002
2022-03-09,24.849998,25.269999,23.72,23.070002,23.24,25.580002,26.189999
2022-03-10,25.269999,23.72,23.070002,23.24,25.580002,26.189999,25.890001
2022-03-11,23.72,23.070002,23.24,25.580002,26.189999,25.890001,24.44
2022-03-14,23.070002,23.24,25.580002,26.189999,25.890001,24.44,22.49
2022-03-15,23.24,25.580002,26.189999,25.890001,24.44,22.49,23.09
2022-03-16,25.580002,26.189999,25.890001,24.44,22.49,23.09,24.0
2022-03-17,26.189999,25.890001,24.44,22.49,23.09,24.0,25.66
2022-03-18,25.890001,24.44,22.49,23.09,24.0,25.66,26.15
2022-03-21,24.44,22.49,23.09,24.0,25.66,26.15,25.810001
2022-03-22,22.49,23.09,24.0,25.66,26.15,25.810001,27.25
2022-03-23,23.09,24.0,25.66,26.15,25.810001,27.25,27.64
2022-03-24,24.0,25.66,26.15,25.810001,27.25,27.64,28.460001
2022-03-25,25.66,26.15,25.810001,27.25,27.64,28.460001,27.949999
2022-03-28,26.15,25.810001,27.25,27.64,28.460001,27.949999,28.08
2022-03-29,25.810001,27.25,27.64,28.460001,27.949999,28.08,29.65
2022-03-30,27.25,27.64,28.460001,27.949999,28.08,29.65,28.39
2022-03-31,27.64,28.460001,27.949999,28.08,29.65,28.39,28.609999
2022-04-01,28.460001,27.949999,28.08,29.65,28.39,28.609999,28.339998
2022-04-04,27.949999,28.08,29.65,28.39,28.609999,28.339998,31.75
2022-04-05,28.08,29.65,28.39,28.609999,28.339998,31.75,30.44
2022-04-06,29.65,28.39,28.609999,28.339998,31.75,30.44,28.29
2022-04-07,28.39,28.609999,28.339998,31.75,30.44,28.29,27.32
2022-04-08,28.609999,28.339998,31.75,30.44,28.29,27.32,26.019999
2022-04-11,28.339998,31.75,30.44,28.29,27.32,26.019999,26.23
2022-04-12,31.75,30.44,28.29,27.32,26.019999,26.23,25.92
2022-04-13,30.44,28.29,27.32,26.019999,26.23,25.92,26.750002
2022-04-14,28.29,27.32,26.019999,26.23,25.92,26.750002,25.769999
2022-04-18,27.32,26.019999,26.23,25.92,26.750002,25.769999,25.55
2022-04-19,26.019999,26.23,25.92,26.750002,25.769999,25.55,28.05
2022-04-20,26.23,25.92,26.750002,25.769999,25.55,28.05,26.63
2022-04-21,25.92,26.750002,25.769999,25.55,28.05,26.63,22.85
2022-04-22,26.750002,25.769999,25.55,28.05,26.63,22.85,22.04
2022-04-25,25.769999,25.55,28.05,26.63,22.85,22.04,22.75
2022-04-26,25.55,28.05,26.63,22.85,22.04,22.75,22.32
2022-04-27,28.05,26.63,22.85,22.04,22.75,22.32,22.130001
2022-04-28,26.63,22.85,22.04,22.75,22.32,22.130001,21.74
2022-04-29,22.85,22.04,22.75,22.32,22.130001,21.74,21.02
2022-05-02,22.04,22.75,22.32,22.130001,21.74,21.02,21.7
2022-05-03,22.75,22.32,22.130001,21.74,21.02,21.7,21.54
2022-05-04,22.32,22.130001,21.74,21.02,21.7,21.54,23.4
2022-05-05,22.130001,21.74,21.02,21.7,21.54,23.4,21.26
2022-05-06,21.74,21.02,21.7,21.54,23.4,21.26,19.410002
2022-05-09,21.02,21.7,21.54,23.4,21.26,19.410002,16.63
2022-05-10,21.7,21.54,23.4,21.26,19.410002,16.63,15.71
2022-05-11,21.54,23.4,21.26,19.410002,16.63,15.71,13.45
2022-05-12,23.4,21.26,19.410002,16.63,15.71,13.45,13.58
2022-05-13,21.26,19.410002,16.63,15.71,13.45,13.58,15.029999
2022-05-16,19.410002,16.63,15.71,13.45,13.58,15.029999,14.5
2022-05-17,16.63,15.71,13.45,13.58,15.029999,14.5,16.53
2022-05-18,15.71,13.45,13.58,15.029999,14.5,16.53,15.88
2022-05-19,13.45,13.58,15.029999,14.5,16.53,15.88,16.57
2022-05-20,13.58,15.029999,14.5,16.53,15.88,16.57,16.449999
2022-05-23,15.029999,14.5,16.53,15.88,16.57,16.449999,16.64
2022-05-24,14.5,16.53,15.88,16.57,16.449999,16.64,15.179999
2022-05-25,16.53,15.88,16.57,16.449999,16.64,15.179999,15.759998
2022-05-26,15.88,16.57,16.449999,16.64,15.179999,15.759998,17.06
2022-05-27,16.57,16.449999,16.64,15.179999,15.759998,17.06,19.060001
2022-05-31,16.449999,16.64,15.179999,15.759998,17.06,19.060001,18.48
2022-06-01,16.64,15.179999,15.759998,17.06,19.060001,18.48,17.92
2022-06-02,15.179999,15.759998,17.06,19.060001,18.48,17.92,18.289999
2022-06-03,15.759998,17.06,19.060001,18.48,17.92,18.289999,17.9
2022-06-06,17.06,19.060001,18.48,17.92,18.289999,17.9,18.580002
2022-06-07,19.060001,18.48,17.92,18.289999,17.9,18.580002,18.85
2022-06-08,18.48,17.92,18.289999,17.9,18.580002,18.85,18.539999
2022-06-09,17.92,18.289999,17.9,18.580002,18.85,18.539999,16.92
2022-06-10,18.289999,17.9,18.580002,18.85,18.539999,16.92,15.96
2022-06-13,17.9,18.580002,18.85,18.539999,16.92,15.96,14.2
2022-06-14,18.580002,18.85,18.539999,16.92,15.96,14.2,14.2
2022-06-15,18.85,18.539999,16.92,15.96,14.2,14.2,15.219999
2022-06-16,18.539999,16.92,15.96,14.2,14.2,15.219999,14.25
2022-06-17,16.92,15.96,14.2,14.2,15.219999,14.25,15.829999
2022-06-21,15.96,14.2,14.2,15.219999,14.25,15.829999,16.58
2022-06-22,14.2,14.2,15.219999,14.25,15.829999,16.58,16.89
2022-06-23,14.2,15.219999,14.25,15.829999,16.58,16.89,17.87
2022-06-24,15.219999,14.25,15.829999,16.58,16.89,17.87,18.23
2022-06-27,14.25,15.829999,16.58,16.89,17.87,18.23,18.100002
2022-06-28,15.829999,16.58,16.89,17.87,18.23,18.100002,17.13
2022-06-29,16.58,16.89,17.87,18.23,18.100002,17.13,16.349998
2022-06-30,16.89,17.87,18.23,18.100002,17.13,16.349998,16.57
2022-07-01,17.87,18.23,18.100002,17.13,16.349998,16.57,17.18
2022-07-05,18.23,18.100002,17.13,16.349998,16.57,17.18,17.599998
2022-07-06,18.100002,17.13,16.349998,16.57,17.18,17.599998,17.579998
2022-07-07,17.13,16.349998,16.57,17.18,17.599998,17.579998,19.140001
2022-07-08,16.349998,16.57,17.18,17.599998,17.579998,19.140001,19.769999
2022-07-11,16.57,17.18,17.599998,17.579998,19.140001,19.769999,18.46
2022-07-12,17.18,17.599998,17.579998,19.140001,19.769999,18.46,18.02
2022-07-13,17.599998,17.579998,19.140001,19.769999,18.46,18.02,18.25
2022-07-14,17.579998,19.140001,19.769999,18.46,18.02,18.25,17.749998
2022-07-15,19.140001,19.769999,18.46,18.02,18.25,17.749998,15.46
2022-07-18,19.769999,18.46,18.02,18.25,17.749998,15.46,16.42
2022-07-19,18.46,18.02,18.25,17.749998,15.46,16.42,17.3
2022-07-20,18.02,18.25,17.749998,15.46,16.42,17.3,18.100002
2022-07-21,18.25,17.749998,15.46,16.42,17.3,18.100002,18.32
2022-07-22,17.749998,15.46,16.42,17.3,18.100002,18.32,17.640001
2022-07-25,15.46,16.42,17.3,18.100002,18.32,17.640001,17.49
2022-07-26,16.42,17.3,18.100002,18.32,17.640001,17.49,16.38
2022-07-27,17.3,18.100002,18.32,17.640001,17.49,16.38,17.18
2022-07-28,18.100002,18.32,17.640001,17.49,16.38,17.18,21.63
2022-07-29,18.32,17.640001,17.49,16.38,17.18,21.63,21.34
2022-08-01,17.640001,17.49,16.38,17.18,21.63,21.34,21.24
2022-08-02,17.49,16.38,17.18,21.63,21.34,21.24,23.23
2022-08-03,16.38,17.18,21.63,21.34,21.24,23.23,23.56
2022-08-04,17.18,21.63,21.34,21.24,23.23,23.56,24.11
2022-08-05,21.63,21.34,21.24,23.23,23.56,24.11,25.19
2022-08-08,21.34,21.24,23.23,23.56,24.11,25.19,25.62
2022-08-09,21.24,23.23,23.56,24.11,25.19,25.62,24.67
2022-08-10,23.23,23.56,24.11,25.19,25.62,24.67,28.779999
2022-08-11,23.56,24.11,25.19,25.62,24.67,28.779999,27.74
2022-08-12,24.11,25.19,25.62,24.67,28.779999,27.74,29.539999
2022-08-15,25.19,25.62,24.67,28.779999,27.74,29.539999,29.96
2022-08-16,25.62,24.67,28.779999,27.74,29.539999,29.96,29.19
2022-08-17,24.67,28.779999,27.74,29.539999,29.96,29.19,28.47
2022-08-18,28.779999,27.74,29.539999,29.96,29.19,28.47,28.43
2022-08-19,27.74,29.539999,29.96,29.19,28.47,28.43,26.82
2022-08-22,29.539999,29.96,29.19,28.47,28.43,26.82,26.38
2022-08-23,29.96,29.19,28.47,28.43,26.82,26.38,26.12
2022-08-24,29.19,28.47,28.43,26.82,26.38,26.12,27.52
2022-08-25,28.47,28.43,26.82,26.38,26.12,27.52,30.0
2022-08-26,28.43,26.82,26.38,26.12,27.52,30.0,28.94
2022-08-29,26.82,26.38,26.12,27.52,30.0,28.94,28.5
2022-08-30,26.38,26.12,27.52,30.0,28.94,28.5,28.19
2022-08-31,26.12,27.52,30.0,28.94,28.5,28.19,28.04
2022-09-01,27.52,30.0,28.94,28.5,28.19,28.04,26.939999
2022-09-02,30.0,28.94,28.5,28.19,28.04,26.939999,25.87
2022-09-06,28.94,28.5,28.19,28.04,26.939999,25.87,25.85
2022-09-07,28.5,28.19,28.04,26.939999,25.87,25.85,27.47
2022-09-08,28.19,28.04,26.939999,25.87,25.85,27.47,29.119999
2022-09-09,28.04,26.939999,25.87,25.85,27.47,29.119999,29.92
2022-09-12,26.939999,25.87,25.85,27.47,29.119999,29.92,30.03
2022-09-13,25.87,25.85,27.47,29.119999,29.92,30.03,28.91
2022-09-14,25.85,27.47,29.119999,29.92,30.03,28.91,29.59
2022-09-15,27.47,29.119999,29.92,30.03,28.91,29.59,29.3
2022-09-16,29.119999,29.92,30.03,28.91,29.59,29.3,28.25
2022-09-19,29.92,30.03,28.91,29.59,29.3,28.25,27.710001
2022-09-20,30.03,28.91,29.59,29.3,28.25,27.710001,26.0
2022-09-21,28.91,29.59,29.3,28.25,27.710001,26.0,25.519999
2022-09-22,29.59,29.3,28.25,27.710001,26.0,25.519999,23.94
2022-09-23,29.3,28.25,27.710001,26.0,25.519999,23.94,22.630001
2022-09-26,28.25,27.710001,26.0,25.519999,23.94,22.630001,21.69
2022-09-27,27.710001,26.0,25.519999,23.94,22.630001,21.69,21.85
2022-09-28,26.0,25.519999,23.94,22.630001,21.69,21.85,22.5
2022-09-29,25.519999,23.94,22.630001,21.69,21.85,22.5,21.04
2022-09-30,23.94,22.630001,21.69,21.85,22.5,21.04,21.01
2022-10-03,22.630001,21.69,21.85,22.5,21.04,21.01,21.82
2022-10-04,21.69,21.85,22.5,21.04,21.01,21.82,23.39
2022-10-05,21.85,22.5,21.04,21.01,21.82,23.39,21.97
2022-10-06,22.5,21.04,21.01,21.82,23.39,21.97,21.09
2022-10-07,21.04,21.01,21.82,23.39,21.97,21.09,19.9
2022-10-10,21.01,21.82,23.39,21.97,21.09,19.9,19.85
2022-10-11,21.82,23.39,21.97,21.09,19.9,19.85,19.789999
2022-10-12,23.39,21.97,21.09,19.9,19.85,19.789999,18.93
2022-10-13,21.97,21.09,19.9,19.85,19.789999,18.93,19.23
2022-10-14,21.09,19.9,19.85,19.789999,18.93,19.23,18.03
2022-10-17,19.9,19.85,19.789999,18.93,19.23,18.03,18.62
2022-10-18,19.85,19.789999,18.93,19.23,18.03,18.62,19.11
2022-10-19,19.789999,18.93,19.23,18.03,18.62,19.11,16.95
2022-10-20,18.93,19.23,18.03,18.62,19.11,16.95,16.33
2022-10-21,19.23,18.03,18.62,19.11,16.95,16.33,16.49
2022-10-24,18.03,18.62,19.11,16.95,16.33,16.49,15.73
2022-10-25,18.62,19.11,16.95,16.33,16.49,15.73,16.57
2022-10-26,19.11,16.95,16.33,16.49,15.73,16.57,16.42
2022-10-27,16.95,16.33,16.49,15.73,16.57,16.42,16.07
2022-10-28,16.33,16.49,15.73,16.57,16.42,16.07,16.09
2022-10-31,16.49,15.73,16.57,16.42,16.07,16.09,15.98
2022-11-01,15.73,16.57,16.42,16.07,16.09,15.98,15.69
2022-11-02,16.57,16.42,16.07,16.09,15.98,15.69,14.719999
2022-11-03,16.42,16.07,16.09,15.98,15.69,14.719999,14.609999
2022-11-04,16.07,16.09,15.98,15.69,14.719999,14.609999,14.79
2022-11-07,16.09,15.98,15.69,14.719999,14.609999,14.79,14.98
2022-11-08,15.98,15.69,14.719999,14.609999,14.79,14.98,14.809999
2022-11-09,15.69,14.719999,14.609999,14.79,14.98,14.809999,14.609999
2022-11-10,14.719999,14.609999,14.79,14.98,14.809999,14.609999,17.01
2022-11-11,14.609999,14.79,14.98,14.809999,14.609999,17.01,17.890001
2022-11-14,14.79,14.98,14.809999,14.609999,17.01,17.890001,17.3
2022-11-15,14.98,14.809999,14.609999,17.01,17.890001,17.3,17.56
2022-11-16,14.809999,14.609999,17.01,17.890001,17.3,17.56,16.71
2022-11-17,14.609999,17.01,17.890001,17.3,17.56,16.71,16.300001
2022-11-18,17.01,17.890001,17.3,17.56,16.71,16.300001,15.84
2022-11-21,17.890001,17.3,17.56,16.71,16.300001,15.84,15.190001
2022-11-22,17.3,17.56,16.71,16.300001,15.84,15.190001,15.179999
2022-11-23,17.56,16.71,16.300001,15.84,15.190001,15.179999,15.48
2022-11-25,16.71,16.300001,15.84,15.190001,15.179999,15.48,15.73
2022-11-28,16.300001,15.84,15.190001,15.179999,15.48,15.73,14.92
2022-11-29,15.84,15.190001,15.179999,15.48,15.73,14.92,14.900001
2022-11-30,15.190001,15.179999,15.48,15.73,14.92,14.900001,15.96
2022-12-01,15.179999,15.48,15.73,14.92,14.900001,15.96,15.75
2022-12-02,15.48,15.73,14.92,14.900001,15.96,15.75,15.809999
2022-12-05,15.73,14.92,14.900001,15.96,15.75,15.809999,14.96
2022-12-06,14.92,14.900001,15.96,15.75,15.809999,14.96,13.819999
2022-12-07,14.900001,15.96,15.75,15.809999,14.96,13.819999,13.679999
2022-12-08,15.96,15.75,15.809999,14.96,13.819999,13.679999,13.779999
2022-12-09,15.75,15.809999,14.96,13.819999,13.679999,13.779999,13.359999
2022-12-12,15.809999,14.96,13.819999,13.679999,13.779999,13.359999,13.929999
2022-12-13,14.96,13.819999,13.679999,13.779999,13.359999,13.929999,14.109999
2022-12-14,13.819999,13.679999,13.779999,13.359999,13.929999,14.109999,15.21
2022-12-15,13.679999,13.779999,13.359999,13.929999,14.109999,15.21,14.42
2022-12-16,13.779999,13.359999,13.929999,14.109999,15.21,14.42,14.02
2022-12-19,13.359999,13.929999,14.109999,15.21,14.42,14.02,12.91
2022-12-20,13.929999,14.109999,15.21,14.42,14.02,12.91,12.72
2022-12-21,14.109999,15.21,14.42,14.02,12.91,12.72,13.08
2022-12-22,15.21,14.42,14.02,12.91,12.72,13.08,12.549999
2022-12-23,14.42,14.02,12.91,12.72,13.08,12.549999,12.339999
2022-12-27,14.02,12.91,12.72,13.08,12.549999,12.339999,11.72
2022-12-28,12.91,12.72,13.08,12.549999,12.339999,11.72,11.709999
2022-12-29,12.72,13.08,12.549999,12.339999,11.72,11.709999,12.229999
2022-12-30,13.08,12.549999,12.339999,11.72,11.709999,12.229999,12.37
2023-01-03,12.549999,12.339999,11.72,11.709999,12.229999,12.37,12.18
2023-01-04,12.339999,11.72,11.709999,12.229999,12.37,12.18,12.999998
2023-01-05,11.72,11.709999,12.229999,12.37,12.18,12.999998,12.66
2023-01-06,11.709999,12.229999,12.37,12.18,12.999998,12.66,13.41
2023-01-09,12.229999,12.37,12.18,12.999998,12.66,13.41,14.219999
2023-01-10,12.37,12.18,12.999998,12.66,13.41,14.219999,14.949999
2023-01-11,12.18,12.999998,12.66,13.41,14.219999,14.949999,16.21
2023-01-12,12.999998,12.66,13.41,14.219999,14.949999,16.21,16.789999
2023-01-13,12.66,13.41,14.219999,14.949999,16.21,16.789999,16.49
2023-01-17,13.41,14.219999,14.949999,16.21,16.789999,16.49,16.829998
2023-01-18,14.219999,14.949999,16.21,16.789999,16.49,16.829998,16.699999
2023-01-19,14.949999,16.21,16.789999,16.49,16.829998,16.699999,15.309999
2023-01-20,16.21,16.789999,16.49,16.829998,16.699999,15.309999,15.9
2023-01-23,16.789999,16.49,16.829998,16.699999,15.309999,15.9,17.439999
2023-01-24,16.49,16.829998,16.699999,15.309999,15.9,17.439999,16.74
